quarter,runway_months,funding_stage,revenue_monthly_k,burn_rate_monthly_k,founder_experience,founder_background,sector,milestones_completed,staff_count,equity_given,outcome
1,36.0,series_a,80.03,70.62,8,first_time,Fintech,1,2,32.6,0
7,16.4,angels,11.51,51.15,10,first_time,SaaS,2,1,13.0,0
6,36.0,series_b,112.89,104.12,9,technical,E-commerce,3,3,43.6,1
4,16.5,seed,27.03,94.42,11,business,Fintech,3,0,24.7,1
4,11.5,bootstrap,3.88,33.11,7,technical,AI,1,2,0.4,0
7,36.0,series_a,273.29,79.38,10,business,Healthtech,3,3,30.2,1
1,10.3,angels,26.58,72.91,10,business,SaaS,1,1,10.7,1
6,36.0,bootstrap,45.28,26.76,10,technical,AI,0,0,1.7,1
2,36.0,bootstrap,42.11,20.0,14,business,AI,0,0,2.6,1
1,33.6,seed,40.31,68.75,6,technical,SaaS,0,2,20.0,1
5,4.9,bootstrap,11.11,51.14,14,first_time,Healthtech,1,0,3.5,0
8,36.0,bootstrap,32.89,40.42,1,business,AI,2,1,4.8,1
6,9.5,bootstrap,0.57,33.54,8,technical,SaaS,1,1,1.2,1
7,36.0,angels,75.03,28.27,7,technical,SaaS,1,1,10.0,1
6,13.7,angels,16.12,49.12,14,technical,AI,2,3,13.8,1
7,11.5,angels,11.64,68.5,1,first_time,Healthtech,2,0,13.9,0
5,29.0,bootstrap,6.83,20.0,4,business,Healthtech,1,0,0.2,0
2,36.0,bootstrap,51.62,31.33,8,first_time,AI,1,1,3.1,1
7,36.0,seed,194.5,59.19,13,technical,Healthtech,2,3,21.2,1
4,35.3,angels,26.6,39.53,7,business,Fintech,1,1,13.2,1
5,36.0,seed,92.88,68.72,10,first_time,SaaS,2,0,23.6,1
3,36.0,bootstrap,153.68,41.65,3,technical,E-commerce,1,2,1.1,1
2,1.4,bootstrap,4.95,41.49,15,technical,E-commerce,0,1,1.3,0
8,36.0,bootstrap,21.78,20.35,12,first_time,Fintech,2,0,3.1,1
7,36.0,angels,12.34,25.31,1,first_time,Fintech,2,1,12.9,1
6,36.0,angels,156.94,53.94,11,first_time,AI,0,1,14.4,1
4,23.1,series_a,7.69,72.41,2,first_time,E-commerce,1,4,32.6,1
7,9.8,angels,3.45,77.57,9,business,Fintech,1,3,14.0,0
5,10.9,angels,28.63,78.27,11,technical,E-commerce,2,1,13.7,1
4,6.6,angels,6.12,79.86,14,first_time,E-commerce,1,2,13.3,0
4,33.9,bootstrap,10.25,20.9,2,business,SaaS,2,0,1.0,0
2,36.0,angels,92.38,58.54,5,business,Healthtech,0,2,11.4,1
1,11.6,bootstrap,11.45,48.06,11,technical,SaaS,0,0,2.8,1
5,13.9,angels,1.75,61.38,4,business,SaaS,1,0,10.3,1
8,36.0,bootstrap,94.29,29.68,11,technical,Fintech,1,0,0.2,1
1,15.2,seed,12.43,84.19,3,technical,E-commerce,1,1,20.2,1
7,36.0,series_b,110.3,95.01,3,first_time,AI,2,3,44.6,1
7,25.8,bootstrap,20.98,36.92,9,first_time,Healthtech,1,1,3.4,0
3,36.0,seed,38.75,41.93,11,first_time,E-commerce,0,3,24.2,1
6,17.6,seed,0.87,74.67,4,first_time,E-commerce,2,2,24.8,0
2,15.6,bootstrap,16.23,31.09,14,business,Healthtech,0,1,3.5,0
7,25.6,seed,26.18,71.97,14,first_time,Healthtech,2,3,22.6,1
6,36.0,seed,96.79,68.53,2,business,E-commerce,0,2,22.4,1
3,19.1,series_b,7.42,97.71,5,first_time,E-commerce,2,2,43.7,1
1,36.0,series_b,194.55,94.31,9,business,Fintech,0,2,44.3,1
8,14.0,bootstrap,29.48,46.8,8,technical,Healthtech,1,3,4.1,1
4,36.0,angels,62.29,47.02,4,business,SaaS,0,2,12.5,1
8,36.0,angels,62.53,28.17,8,business,Fintech,2,0,13.9,0
6,36.0,bootstrap,75.22,43.53,15,business,E-commerce,2,0,2.4,1
7,18.4,bootstrap,3.13,22.86,5,first_time,AI,1,0,1.9,0
7,29.7,series_b,11.47,75.14,4,business,AI,3,4,41.5,0
2,6.7,bootstrap,2.09,20.0,12,technical,AI,0,0,0.3,1
3,36.0,angels,41.42,54.25,9,first_time,Fintech,0,2,11.0,1
4,19.7,series_a,12.79,78.55,11,technical,SaaS,2,3,33.7,0
4,36.0,bootstrap,20.51,20.0,10,first_time,E-commerce,2,1,0.9,0
1,36.0,angels,46.25,44.25,12,first_time,E-commerce,0,3,14.5,1
5,21.3,series_b,16.25,112.54,11,first_time,E-commerce,2,4,40.4,0
2,36.0,angels,92.54,43.23,10,first_time,Healthtech,0,0,10.3,1
6,15.4,bootstrap,11.75,32.52,7,first_time,SaaS,0,1,2.4,0
6,22.6,bootstrap,31.02,50.64,7,technical,Healthtech,1,1,1.1,1
8,36.0,series_b,166.15,106.93,4,technical,Fintech,3,3,40.5,1
6,9.9,bootstrap,4.92,50.33,7,technical,Healthtech,1,2,0.3,0
3,36.0,angels,128.93,20.0,10,first_time,AI,1,1,12.6,1
8,4.1,bootstrap,8.56,61.0,11,technical,E-commerce,2,1,1.3,0
4,36.0,angels,186.09,59.55,12,technical,E-commerce,0,3,12.8,1
3,16.1,series_b,13.8,131.92,6,first_time,Healthtech,2,3,40.7,0
8,23.5,angels,0.85,38.27,11,business,AI,2,2,10.1,0
3,36.0,series_b,28.04,68.55,7,technical,Fintech,3,4,40.1,1
1,18.2,bootstrap,16.89,35.11,6,first_time,Healthtech,0,0,0.6,0
4,36.0,angels,43.1,45.87,3,first_time,SaaS,0,0,14.0,1
7,36.0,series_a,122.43,89.8,4,business,SaaS,3,3,32.2,1
2,36.0,angels,51.21,66.12,11,business,SaaS,0,2,13.1,0
4,7.4,bootstrap,10.54,33.69,4,business,E-commerce,0,2,4.4,0
2,36.0,series_a,144.56,76.39,2,technical,AI,3,3,31.1,1
6,11.9,angels,3.97,57.84,5,business,SaaS,3,0,14.4,0
4,14.0,angels,1.92,46.16,15,technical,Fintech,1,3,13.7,0
3,23.8,series_b,19.82,89.9,3,first_time,Healthtech,2,4,43.6,1
2,2.8,bootstrap,3.84,50.56,3,first_time,Fintech,3,1,4.4,0
5,10.3,bootstrap,13.55,53.9,7,first_time,Fintech,1,0,0.6,0
6,10.4,bootstrap,25.61,51.26,6,first_time,AI,1,1,2.7,0
8,36.0,angels,219.47,47.48,14,first_time,E-commerce,2,3,12.4,1
4,6.9,bootstrap,7.22,20.0,4,technical,Fintech,2,0,3.3,0
2,36.0,seed,79.3,62.78,7,first_time,E-commerce,2,2,21.2,1
7,19.4,bootstrap,4.34,23.63,5,first_time,E-commerce,0,1,0.6,1
6,19.3,seed,4.67,63.05,4,first_time,E-commerce,1,3,24.9,0
6,12.0,bootstrap,0.83,24.93,5,first_time,Fintech,1,0,2.3,0
1,36.0,angels,74.94,49.69,4,first_time,Healthtech,0,2,11.2,1
3,36.0,bootstrap,110.1,20.0,11,first_time,E-commerce,1,0,0.6,1
7,36.0,seed,237.69,45.79,12,business,AI,2,4,23.0,1
7,17.1,angels,33.11,68.34,3,first_time,AI,3,2,10.7,1
4,20.0,angels,2.64,35.46,8,first_time,Fintech,1,2,10.9,1
7,26.3,series_a,21.61,80.0,4,technical,E-commerce,2,4,34.8,1
7,36.0,angels,92.07,64.32,14,first_time,AI,3,3,10.1,1
4,3.1,bootstrap,6.93,48.71,2,first_time,Healthtech,2,2,0.9,0
8,36.0,series_a,103.35,91.92,7,first_time,E-commerce,3,2,33.4,1
3,4.7,bootstrap,10.11,39.54,5,business,E-commerce,1,1,1.1,0
2,6.0,bootstrap,19.93,45.86,6,technical,SaaS,0,0,0.9,0
6,36.0,angels,94.43,70.6,15,technical,SaaS,3,1,12.8,1
6,3.4,bootstrap,16.26,41.38,9,technical,Healthtech,2,2,3.5,0
2,36.0,bootstrap,136.81,20.0,6,first_time,Healthtech,0,2,2.2,1
7,36.0,seed,40.54,57.07,13,business,Healthtech,2,2,23.9,1
2,3.2,bootstrap,12.43,45.45,12,business,Fintech,1,1,4.1,0
7,36.0,series_a,78.66,70.59,3,technical,E-commerce,3,4,33.1,0
1,18.3,series_b,8.78,119.3,7,business,SaaS,2,3,42.9,0
7,36.0,seed,143.69,64.05,7,technical,Fintech,1,4,24.1,1
7,36.0,seed,41.96,66.28,7,technical,Healthtech,2,2,20.1,1
7,36.0,seed,104.84,81.87,6,technical,Healthtech,1,2,22.6,1
6,36.0,series_b,113.67,92.26,13,technical,AI,3,3,40.6,0
4,18.8,bootstrap,24.63,37.64,15,technical,AI,2,1,1.1,1
6,10.7,bootstrap,27.56,48.49,1,technical,AI,3,1,4.7,1
3,36.0,angels,16.75,27.92,13,business,SaaS,0,0,10.0,1
7,36.0,angels,92.74,45.72,13,business,E-commerce,2,1,11.5,0
5,1.2,bootstrap,0.02,47.44,6,business,Fintech,1,0,0.8,1
4,21.0,seed,6.6,65.98,8,technical,AI,3,3,22.9,0
5,24.8,bootstrap,37.23,57.01,2,first_time,E-commerce,0,0,4.2,0
5,36.0,series_b,404.06,71.36,6,business,Healthtech,3,4,42.0,1
1,4.4,bootstrap,8.06,20.0,4,business,SaaS,0,1,4.2,0
2,9.2,bootstrap,4.31,46.55,14,business,AI,0,1,2.2,1
2,10.4,bootstrap,18.52,47.99,2,business,Healthtech,0,1,4.5,0
1,3.3,bootstrap,4.08,32.1,6,first_time,Fintech,0,1,4.2,0
4,11.7,bootstrap,0.72,41.01,8,technical,Fintech,2,0,0.9,0
6,14.6,bootstrap,18.9,46.18,15,first_time,Fintech,0,0,4.4,1
6,5.8,bootstrap,3.0,22.79,13,first_time,AI,3,0,1.0,0
4,36.0,bootstrap,26.2,24.4,15,first_time,SaaS,1,0,2.5,0
7,19.2,angels,26.43,52.85,5,business,Healthtech,1,2,11.0,1
5,36.0,angels,153.47,63.56,5,first_time,E-commerce,0,3,11.9,0
1,36.0,bootstrap,23.13,20.0,9,technical,Healthtech,0,0,4.9,1
7,36.0,bootstrap,34.42,32.03,6,technical,E-commerce,2,0,3.8,1
5,35.3,bootstrap,17.59,31.34,1,business,E-commerce,2,0,2.8,0
6,25.4,bootstrap,29.17,41.27,13,technical,Fintech,0,0,4.7,0
5,36.0,bootstrap,46.4,34.87,2,first_time,SaaS,1,2,1.8,0
5,36.0,seed,59.5,56.81,3,first_time,Fintech,3,2,20.9,1
1,36.0,series_b,99.62,113.73,15,business,Healthtech,3,3,44.1,1
5,33.9,series_b,26.01,86.91,11,technical,E-commerce,2,2,40.1,1
7,19.7,angels,1.5,45.62,10,business,E-commerce,0,2,14.0,0
3,36.0,angels,18.64,26.13,2,technical,AI,1,1,10.1,1
5,36.0,bootstrap,20.48,24.3,4,business,SaaS,0,1,1.4,0
1,36.0,seed,128.0,72.74,4,business,AI,0,2,21.8,1
3,36.0,seed,59.24,69.81,10,technical,Fintech,1,3,21.6,1
4,36.0,series_a,329.27,88.99,8,technical,SaaS,3,3,31.2,1
8,36.0,series_a,115.43,88.26,6,business,Healthtech,2,3,30.5,1
2,36.0,angels,102.34,81.32,12,technical,Healthtech,0,1,10.0,1
3,36.0,seed,496.63,53.78,12,business,E-commerce,0,2,23.9,1
4,36.0,series_a,277.32,55.71,12,business,Fintech,1,4,32.3,1
8,36.0,bootstrap,83.62,20.0,2,first_time,SaaS,1,0,0.8,1
7,36.0,series_b,78.99,84.45,10,first_time,AI,3,4,40.4,1
1,19.3,bootstrap,4.91,20.39,4,technical,AI,0,1,1.4,0
2,36.0,series_b,64.08,96.4,5,first_time,E-commerce,3,2,41.8,1
7,15.3,seed,7.47,83.79,15,business,E-commerce,2,2,22.3,0
1,1.7,bootstrap,3.44,58.09,7,technical,E-commerce,0,1,0.5,0
7,12.4,seed,1.98,72.56,12,business,Fintech,2,3,24.9,0
3,5.0,bootstrap,0.04,67.12,4,first_time,Healthtech,0,1,1.3,0
8,36.0,seed,203.85,59.65,15,technical,Fintech,3,4,22.2,1
3,36.0,seed,306.6,40.51,5,first_time,Healthtech,2,3,23.5,1
4,36.0,seed,98.51,80.8,3,technical,SaaS,0,2,21.6,0
6,36.0,series_a,101.64,52.42,5,first_time,E-commerce,3,4,30.4,1
2,36.0,bootstrap,18.95,23.67,3,business,Fintech,0,2,1.9,1
5,36.0,bootstrap,101.95,42.8,9,business,Healthtech,0,1,2.8,1
5,25.1,angels,22.52,48.46,3,business,Healthtech,0,2,14.2,0
7,36.0,bootstrap,42.6,32.14,4,business,Healthtech,3,1,1.8,0
8,36.0,angels,15.89,32.29,11,business,AI,2,2,14.4,1
6,5.5,bootstrap,7.84,34.84,1,technical,SaaS,1,1,2.7,0
4,36.0,angels,71.29,65.05,7,technical,SaaS,1,0,13.6,1
4,36.0,angels,84.05,50.3,11,business,Fintech,0,3,10.2,0
4,25.2,series_a,14.56,67.55,7,technical,E-commerce,1,3,34.5,1
7,36.0,bootstrap,30.01,20.0,1,technical,E-commerce,2,1,1.1,0
3,36.0,series_a,119.15,67.86,3,business,AI,0,3,31.6,1
2,13.3,angels,12.57,55.89,15,business,Healthtech,0,1,12.6,1
3,36.0,bootstrap,71.69,40.15,12,first_time,E-commerce,0,1,4.8,1
1,36.0,angels,39.38,37.99,6,business,Fintech,1,1,11.7,1
1,36.0,angels,24.48,20.0,14,first_time,Healthtech,0,2,11.1,0
1,15.0,bootstrap,11.55,41.3,1,first_time,Healthtech,0,0,4.8,1
7,36.0,angels,24.8,36.53,1,technical,AI,2,2,14.0,0
6,7.6,bootstrap,1.4,45.34,14,first_time,E-commerce,0,2,3.3,0
6,36.0,angels,81.02,38.66,11,business,Healthtech,2,4,12.0,1
4,36.0,angels,171.73,35.18,9,technical,Fintech,2,2,12.1,1
6,36.0,angels,124.71,52.3,6,business,Fintech,2,2,14.8,1
2,20.5,series_a,54.41,115.37,13,technical,Healthtech,1,3,30.3,1
8,8.5,bootstrap,35.34,46.24,10,technical,E-commerce,2,0,3.8,0
5,36.0,series_b,60.83,97.04,7,business,AI,2,3,43.0,1
8,15.8,seed,14.03,70.38,6,technical,Fintech,2,2,24.8,1
2,36.0,series_b,67.57,68.73,6,technical,Healthtech,2,4,42.8,1
4,36.0,series_a,55.23,63.16,9,business,AI,0,3,31.4,1
6,26.4,bootstrap,5.5,20.0,10,technical,E-commerce,1,0,3.9,0
4,13.6,angels,29.13,75.95,13,first_time,Fintech,1,2,14.9,1
4,3.5,bootstrap,16.79,57.91,7,first_time,E-commerce,1,1,4.5,0
2,32.6,series_a,34.82,85.89,4,business,AI,3,2,31.5,1
4,14.4,angels,3.18,52.03,9,business,E-commerce,2,1,11.7,0
2,18.0,bootstrap,7.07,20.0,9,business,AI,0,0,3.8,0
3,36.0,series_b,303.9,91.71,5,technical,Healthtech,2,3,43.0,1
6,3.8,bootstrap,22.83,61.89,2,business,Fintech,1,1,0.1,0
6,21.6,angels,21.9,51.97,5,technical,SaaS,2,1,10.7,0
5,29.5,seed,26.1,56.53,2,technical,AI,2,2,20.4,1
3,36.0,bootstrap,28.56,20.0,2,first_time,Healthtech,0,2,0.9,0
8,10.7,angels,11.63,70.7,15,business,Healthtech,1,2,11.5,0
1,31.2,series_a,28.79,78.95,12,first_time,Fintech,2,4,34.8,0
3,36.0,bootstrap,49.41,20.0,1,business,SaaS,0,0,3.4,1
1,36.0,angels,33.11,36.14,6,business,SaaS,0,2,10.3,0
3,27.0,bootstrap,4.74,20.0,4,first_time,Healthtech,0,1,3.0,0
8,20.5,seed,2.39,63.02,15,first_time,SaaS,3,0,22.2,0
3,36.0,bootstrap,94.16,38.11,7,business,AI,0,0,3.8,1
8,22.9,series_b,0.31,87.45,4,first_time,SaaS,2,3,44.4,1
4,36.0,series_a,85.35,91.66,10,first_time,Fintech,2,1,30.3,0
6,36.0,bootstrap,28.42,36.18,8,business,SaaS,0,0,4.9,0
4,7.4,bootstrap,21.74,50.93,3,technical,Fintech,1,2,0.3,0
3,36.0,angels,27.25,44.64,5,business,Fintech,0,1,13.7,1
7,36.0,seed,162.23,110.68,2,technical,Fintech,2,2,24.5,1
8,36.0,angels,118.85,41.53,11,first_time,Fintech,3,1,13.8,1
3,14.0,bootstrap,13.82,21.45,15,technical,Healthtech,0,2,0.8,0
7,36.0,bootstrap,19.06,20.0,13,business,Fintech,1,2,1.0,0
3,36.0,series_b,101.88,91.84,6,technical,Healthtech,2,4,40.2,1
6,36.0,angels,61.87,24.21,8,first_time,SaaS,1,2,10.7,1
7,26.3,series_a,24.78,84.42,1,business,Healthtech,2,4,30.3,0
4,36.0,angels,3.64,21.42,6,business,AI,2,1,10.3,1
6,36.0,series_b,76.5,97.43,1,technical,Fintech,2,3,42.8,1
3,22.2,bootstrap,2.95,20.0,12,technical,E-commerce,2,1,0.4,0
1,32.8,bootstrap,16.86,29.28,14,technical,E-commerce,1,0,2.1,0
1,36.0,series_b,222.88,104.07,3,technical,AI,1,4,43.5,1
4,36.0,series_b,85.97,129.56,11,technical,E-commerce,3,4,40.1,1
8,36.0,bootstrap,20.13,20.0,9,first_time,E-commerce,1,0,3.2,1
2,36.0,angels,49.46,47.75,7,first_time,AI,1,1,13.8,0
4,36.0,angels,74.03,39.14,12,technical,Fintech,2,1,12.7,1
6,36.0,angels,46.11,36.95,11,business,AI,2,3,12.4,1
2,17.5,bootstrap,14.57,24.28,5,technical,E-commerce,0,0,3.7,1
6,36.0,series_a,58.97,92.36,12,technical,E-commerce,2,2,32.6,1
3,9.7,bootstrap,5.43,27.68,10,business,Healthtech,1,0,2.5,0
7,21.4,seed,45.12,98.74,5,first_time,Fintech,2,2,24.0,0
5,36.0,bootstrap,37.3,41.24,12,technical,E-commerce,0,0,4.2,0
5,36.0,bootstrap,13.12,20.0,10,first_time,E-commerce,1,0,1.8,0
2,36.0,seed,35.95,59.5,2,first_time,E-commerce,0,2,22.1,1
4,36.0,bootstrap,20.87,22.97,3,first_time,Fintech,0,0,4.0,0
7,18.4,seed,14.65,77.0,5,first_time,Healthtech,2,3,22.7,0
1,6.2,bootstrap,2.33,20.0,1,business,Healthtech,0,0,3.4,1
7,36.0,series_b,173.09,74.89,7,technical,AI,2,3,40.4,1
4,33.9,seed,27.03,56.13,7,technical,SaaS,1,3,20.5,0
6,28.8,series_a,32.25,90.24,12,business,SaaS,2,4,32.7,1
6,36.0,bootstrap,51.93,53.5,3,first_time,SaaS,0,0,4.1,1
4,36.0,bootstrap,60.86,55.71,9,business,Fintech,2,1,1.6,1
3,24.1,angels,36.63,57.95,10,technical,Healthtech,1,4,14.8,0
6,36.0,angels,51.8,48.76,7,first_time,E-commerce,2,1,13.8,0
2,36.0,bootstrap,85.14,46.92,14,first_time,Healthtech,0,0,3.9,0
5,36.0,bootstrap,12.84,20.0,5,first_time,E-commerce,1,1,4.2,0
1,36.0,angels,103.16,22.33,7,technical,Healthtech,1,3,11.3,1
6,36.0,bootstrap,33.18,41.55,1,first_time,Fintech,2,0,1.7,0
6,36.0,angels,156.38,34.91,7,technical,Healthtech,2,2,10.6,1
1,9.5,bootstrap,6.45,34.02,1,first_time,Healthtech,0,1,1.9,1
7,36.0,bootstrap,41.19,36.79,15,business,E-commerce,3,0,0.2,0
4,20.9,seed,13.61,68.72,4,technical,Fintech,1,2,23.8,0
7,36.0,angels,85.09,64.07,13,first_time,AI,2,2,14.0,0
1,4.6,bootstrap,9.71,47.48,2,first_time,Healthtech,0,0,1.1,0
2,13.5,angels,2.99,52.93,5,technical,Healthtech,0,1,12.4,1
4,36.0,seed,138.81,58.37,2,technical,Healthtech,1,3,23.4,1
2,10.8,angels,2.76,51.62,6,technical,Healthtech,2,1,13.7,0
3,36.0,angels,96.88,41.06,10,first_time,SaaS,1,2,14.8,1
6,28.1,series_b,28.33,92.05,7,technical,AI,1,3,41.0,1
2,10.7,angels,43.14,89.27,10,first_time,E-commerce,0,2,11.2,1
6,20.1,series_a,3.47,82.73,13,business,Fintech,2,3,34.3,0
1,17.8,seed,6.14,71.75,1,technical,Fintech,0,3,20.5,0
2,26.3,bootstrap,7.38,24.42,7,technical,E-commerce,0,0,3.9,0
5,20.3,angels,23.26,65.3,9,first_time,Healthtech,1,2,10.7,0
7,15.9,seed,15.18,76.4,8,business,SaaS,2,4,22.3,0
2,21.4,series_b,15.83,106.51,3,first_time,Healthtech,1,4,43.0,0
3,19.9,angels,7.95,53.22,4,business,AI,0,2,13.8,0
8,4.7,bootstrap,16.71,50.51,6,technical,Fintech,1,1,0.6,0
8,10.0,angels,3.09,69.08,10,first_time,Fintech,2,0,14.1,0
5,36.0,bootstrap,60.41,39.25,15,first_time,SaaS,0,1,4.3,1
4,36.0,seed,194.4,63.28,6,first_time,Fintech,2,3,24.0,1
3,14.5,angels,3.42,63.42,8,first_time,AI,1,2,14.7,0
5,36.0,seed,96.93,51.44,5,business,Healthtech,1,2,24.4,1
5,36.0,series_a,121.17,69.23,1,technical,SaaS,0,3,33.8,1
3,36.0,seed,63.5,64.2,6,first_time,Fintech,1,4,22.9,1
1,36.0,seed,22.46,38.88,6,business,E-commerce,2,2,24.0,0
2,36.0,seed,63.77,77.41,3,technical,Fintech,2,3,24.9,0
8,36.0,series_a,201.87,65.56,11,business,AI,3,3,33.2,1
4,36.0,series_a,36.16,72.93,4,first_time,E-commerce,1,1,31.2,0
4,36.0,bootstrap,39.12,31.8,4,first_time,AI,1,0,1.2,0
4,36.0,angels,32.16,50.59,6,first_time,AI,2,2,14.0,1
7,36.0,bootstrap,55.44,29.85,15,first_time,SaaS,2,0,4.9,0
1,36.0,series_a,100.71,78.99,10,first_time,SaaS,2,3,31.1,0
1,36.0,seed,136.49,64.11,7,business,Fintech,1,2,24.9,1
3,36.0,angels,156.45,43.29,13,business,E-commerce,2,1,11.3,1
4,34.9,bootstrap,14.13,23.4,1,technical,Fintech,0,1,2.1,0
6,14.1,bootstrap,28.14,51.22,6,technical,E-commerce,3,3,4.5,0
4,36.0,seed,277.74,33.43,9,first_time,Healthtech,2,2,24.8,1
4,36.0,bootstrap,138.87,31.91,8,business,AI,1,2,2.8,1
8,36.0,bootstrap,20.66,27.97,11,technical,SaaS,2,0,4.8,0
2,36.0,series_a,301.4,86.28,11,first_time,AI,0,1,34.2,1
5,36.0,seed,35.84,43.19,7,technical,E-commerce,2,3,24.3,1
5,9.3,bootstrap,12.84,27.5,14,first_time,Healthtech,2,0,4.3,0
4,36.0,bootstrap,69.14,33.46,14,business,SaaS,2,1,1.9,1
7,36.0,series_b,131.32,111.05,8,technical,Healthtech,2,4,40.2,1
3,36.0,seed,140.3,69.98,14,business,Healthtech,1,2,20.8,1
8,36.0,seed,36.32,47.25,10,business,SaaS,3,4,20.4,1
3,36.0,bootstrap,40.98,27.69,3,business,Fintech,0,1,1.2,0
5,36.0,bootstrap,48.04,48.29,2,business,Fintech,1,0,0.3,1
5,15.6,bootstrap,12.35,20.0,2,technical,Fintech,2,0,1.4,0
7,36.0,seed,56.63,63.82,4,technical,Healthtech,2,1,22.9,1
4,3.8,bootstrap,10.2,34.86,5,first_time,SaaS,0,1,0.7,0
3,36.0,bootstrap,54.63,29.21,2,business,SaaS,0,0,1.6,0
1,36.0,seed,94.83,105.44,10,technical,Healthtech,2,2,21.1,1
3,31.9,series_b,24.12,88.81,7,business,SaaS,2,2,40.5,0
7,36.0,seed,245.25,71.75,10,business,E-commerce,3,3,23.4,0
1,36.0,angels,55.15,38.51,8,technical,Fintech,0,1,14.5,0
8,28.0,angels,25.97,57.92,5,technical,AI,2,4,13.6,1
5,36.0,angels,51.28,63.06,10,first_time,SaaS,1,1,13.4,1
2,19.9,bootstrap,6.07,26.18,15,technical,SaaS,1,0,4.9,1
3,27.3,angels,19.68,49.18,5,technical,E-commerce,0,0,13.7,0
5,36.0,angels,101.45,36.57,5,first_time,Healthtech,1,0,10.2,0
3,36.0,angels,19.45,32.83,8,technical,E-commerce,1,3,11.1,1
1,36.0,series_a,414.77,95.55,13,business,AI,1,2,33.2,1
6,33.1,series_b,35.94,86.69,8,first_time,SaaS,3,3,43.2,0
6,36.0,bootstrap,56.33,20.0,13,business,E-commerce,1,1,4.2,1
1,36.0,angels,118.56,76.48,2,business,SaaS,0,3,10.8,0
3,36.0,bootstrap,32.13,22.97,2,business,Fintech,0,1,4.9,1
2,14.9,angels,13.45,46.3,7,first_time,Healthtech,1,2,12.6,0
6,1.3,bootstrap,11.88,59.61,4,technical,E-commerce,2,2,4.6,0
6,12.9,bootstrap,18.75,32.87,1,business,Fintech,0,0,2.6,0
6,36.0,seed,120.49,62.55,4,first_time,SaaS,3,3,20.9,1
8,36.0,angels,209.6,31.58,5,business,E-commerce,1,2,11.8,1
7,36.0,series_a,121.99,55.48,14,business,AI,3,3,31.1,1
3,36.0,bootstrap,30.47,32.5,12,first_time,AI,2,0,1.3,1
1,36.0,bootstrap,39.33,40.44,6,technical,Healthtech,1,0,4.5,1
5,20.7,angels,32.16,54.58,15,business,Healthtech,0,2,11.9,1
8,20.1,bootstrap,6.49,27.78,13,technical,AI,0,1,0.9,0
8,36.0,bootstrap,59.91,35.3,4,technical,SaaS,3,2,1.8,0
2,36.0,series_b,500.0,67.44,8,first_time,Healthtech,2,2,43.1,1
2,36.0,bootstrap,43.96,41.9,14,first_time,E-commerce,0,1,1.0,1
1,16.1,bootstrap,8.4,37.42,7,technical,E-commerce,0,1,0.3,0
2,35.9,angels,54.54,79.6,6,business,Fintech,1,2,14.4,1
5,36.0,angels,62.27,50.11,14,first_time,SaaS,2,0,11.2,0
5,36.0,angels,29.56,35.86,10,first_time,Healthtech,2,1,14.7,1
3,36.0,angels,59.7,49.24,7,business,Fintech,0,1,10.2,0
3,36.0,series_a,391.19,75.08,14,business,AI,1,2,33.3,1
7,4.9,bootstrap,17.95,41.52,12,first_time,SaaS,2,2,3.3,0
4,36.0,angels,40.94,50.4,6,first_time,Healthtech,0,0,10.8,0
7,36.0,seed,95.72,46.1,7,business,SaaS,2,1,23.3,1
8,36.0,series_a,78.3,55.46,1,business,Healthtech,3,3,31.9,1
3,36.0,angels,101.35,53.94,2,first_time,Healthtech,0,0,11.9,1
2,13.5,angels,29.52,70.75,15,first_time,E-commerce,2,1,14.4,0
8,16.8,bootstrap,27.05,36.19,1,first_time,Healthtech,1,2,4.8,0
6,36.0,bootstrap,41.23,47.2,13,business,AI,0,0,0.9,0
3,3.5,bootstrap,7.14,50.19,4,first_time,SaaS,0,1,3.4,1
5,36.0,seed,61.73,69.0,9,first_time,AI,2,2,20.8,1
5,15.3,bootstrap,17.33,22.78,11,technical,Healthtech,0,1,0.2,1
8,36.0,seed,49.26,67.93,15,technical,E-commerce,3,2,20.7,0
3,4.4,bootstrap,13.4,53.11,6,business,Healthtech,1,1,3.2,0
8,24.2,series_a,21.92,87.95,14,first_time,Fintech,3,2,33.6,1
8,36.0,series_a,138.43,91.22,7,technical,Healthtech,3,3,32.5,1
2,10.5,bootstrap,3.04,28.06,14,technical,AI,1,0,4.8,0
2,36.0,bootstrap,59.16,31.96,2,technical,Fintech,1,1,3.8,0
5,18.5,bootstrap,11.38,33.22,5,first_time,Fintech,1,1,0.8,0
1,36.0,series_a,40.79,79.23,10,business,SaaS,3,3,31.0,1
3,9.1,bootstrap,10.9,52.52,11,technical,Fintech,0,1,3.0,0
4,36.0,angels,139.12,20.0,13,first_time,SaaS,0,1,11.7,1
8,28.2,angels,24.24,50.46,6,first_time,AI,3,2,10.0,1
8,36.0,seed,70.34,63.81,10,first_time,E-commerce,3,1,20.1,0
2,36.0,angels,7.06,29.43,10,business,Fintech,1,2,12.0,1
8,36.0,angels,106.11,60.08,15,business,E-commerce,3,2,12.6,1
1,36.0,series_b,320.66,84.13,2,first_time,AI,2,3,43.3,0
6,16.2,bootstrap,1.09,29.64,1,technical,E-commerce,2,1,3.8,0
7,20.3,series_a,43.09,107.73,9,business,Healthtech,2,4,34.8,1
8,7.7,bootstrap,5.23,50.15,1,first_time,Fintech,2,1,4.2,1
2,36.0,angels,220.16,58.62,3,technical,Healthtech,1,1,11.8,1
8,24.4,series_a,29.34,85.71,8,technical,Healthtech,2,4,32.7,1
1,36.0,seed,119.97,62.53,5,first_time,Healthtech,1,2,21.1,1
5,36.0,seed,138.05,94.99,4,technical,E-commerce,2,3,24.8,0
4,36.0,bootstrap,74.49,47.03,6,first_time,E-commerce,0,0,2.7,1
3,36.0,angels,26.71,38.76,11,technical,AI,0,2,11.2,0
1,32.2,angels,7.21,29.0,6,business,Fintech,1,2,13.6,0
7,16.2,angels,4.86,58.5,12,first_time,AI,2,1,12.4,0
3,36.0,angels,53.78,49.16,3,first_time,AI,0,1,15.0,1
6,36.0,bootstrap,33.46,20.0,2,technical,AI,1,1,0.4,1
4,5.6,bootstrap,14.29,41.43,3,business,Healthtech,1,1,1.7,0
3,36.0,bootstrap,28.3,30.96,14,business,Healthtech,0,1,4.7,1
8,36.0,angels,45.88,57.96,5,technical,AI,2,2,12.3,0
1,19.2,bootstrap,16.08,41.63,1,business,SaaS,0,2,1.6,0
6,36.0,series_a,132.89,70.88,5,first_time,AI,3,4,33.0,1
6,15.7,seed,10.85,74.49,11,technical,AI,1,2,23.3,1
4,9.3,bootstrap,5.47,27.53,6,business,AI,0,0,0.5,0
3,36.0,seed,106.94,58.51,6,first_time,SaaS,1,3,21.3,1
1,36.0,series_a,491.05,72.02,2,technical,AI,3,2,31.5,1
8,3.1,bootstrap,29.27,51.96,11,technical,Healthtech,1,2,1.2,0
8,14.4,bootstrap,16.07,30.79,4,first_time,E-commerce,2,0,1.9,1
2,25.9,bootstrap,41.26,55.59,2,business,E-commerce,0,0,1.7,0
1,36.0,bootstrap,121.28,61.75,11,technical,E-commerce,0,2,3.7,1
1,36.0,seed,34.98,53.92,15,technical,Healthtech,1,3,23.0,1
1,36.0,series_b,59.05,51.19,10,first_time,E-commerce,2,2,42.1,0
7,5.6,bootstrap,0.16,50.67,15,technical,E-commerce,1,0,1.0,0
8,36.0,seed,41.88,59.87,7,first_time,Fintech,3,3,22.1,0
2,20.2,bootstrap,2.84,22.01,8,business,Healthtech,0,0,0.9,0
6,36.0,angels,138.06,41.17,6,business,Fintech,0,2,14.8,1
2,36.0,seed,270.43,58.78,8,first_time,E-commerce,0,3,20.9,1
3,13.1,angels,8.74,69.46,14,technical,AI,1,1,14.3,0
5,36.0,bootstrap,117.74,37.4,10,first_time,SaaS,1,2,3.1,1
6,29.3,angels,42.91,69.25,1,technical,Fintech,2,1,14.1,1
7,18.7,series_b,3.05,102.41,9,technical,E-commerce,3,3,44.4,1
1,36.0,bootstrap,76.64,30.36,6,business,Fintech,0,0,4.0,0
2,4.5,bootstrap,13.49,29.14,9,business,E-commerce,1,1,2.9,1
3,36.0,bootstrap,50.93,43.42,9,first_time,SaaS,0,0,1.3,0
3,23.0,angels,26.78,62.31,9,technical,Healthtech,2,2,13.3,1
8,10.6,angels,15.72,64.95,13,technical,SaaS,2,2,10.0,0
7,36.0,seed,74.4,61.08,13,business,SaaS,3,1,21.9,0
3,22.4,seed,14.85,67.63,15,first_time,Fintech,1,1,24.3,0
8,36.0,series_a,174.36,88.76,10,business,Fintech,3,4,32.9,1
4,36.0,series_a,207.48,74.24,5,technical,Healthtech,1,4,31.3,1
5,34.3,bootstrap,7.0,20.0,3,technical,Fintech,1,0,4.5,1
4,36.0,angels,80.38,37.91,13,first_time,E-commerce,1,2,10.1,1
2,36.0,bootstrap,34.22,31.38,14,technical,AI,1,0,4.4,1
8,36.0,bootstrap,89.52,44.93,1,first_time,Fintech,1,1,3.8,1
1,20.2,series_b,16.16,113.88,4,business,AI,1,2,40.7,1
2,33.4,seed,17.23,44.66,11,business,E-commerce,1,3,20.3,1
2,36.0,series_b,69.18,86.04,3,first_time,SaaS,0,4,44.8,1
3,18.2,angels,12.81,44.63,1,first_time,AI,0,2,10.3,0
2,26.2,angels,30.35,61.92,15,technical,AI,1,1,14.9,1
1,23.0,angels,5.08,42.08,2,business,E-commerce,1,1,12.1,0
6,36.0,bootstrap,42.49,28.55,4,technical,E-commerce,3,0,1.8,1
8,36.0,bootstrap,33.79,20.0,15,business,Fintech,3,2,3.3,0
1,24.9,angels,37.22,57.25,2,business,Healthtech,1,2,12.5,0
3,36.0,bootstrap,79.73,32.58,12,first_time,Fintech,0,0,2.0,0
5,36.0,series_b,500.0,85.19,9,business,E-commerce,3,4,43.2,1
8,5.4,bootstrap,15.07,31.11,9,technical,Healthtech,2,1,1.8,0
6,36.0,bootstrap,77.82,51.9,13,first_time,SaaS,1,0,0.2,1
7,36.0,seed,51.22,49.93,1,business,E-commerce,1,1,24.1,1
5,36.0,bootstrap,47.32,22.38,1,business,Fintech,2,1,2.6,1
4,36.0,series_a,210.77,98.78,3,technical,E-commerce,2,2,33.4,0
2,34.9,seed,38.57,66.14,8,first_time,Fintech,0,2,22.9,0
7,23.5,bootstrap,30.52,45.05,15,first_time,E-commerce,1,2,3.1,0
7,36.0,seed,43.02,71.03,2,first_time,E-commerce,2,2,21.1,0
1,36.0,seed,128.67,64.47,7,first_time,SaaS,1,2,24.7,1
6,36.0,seed,46.48,59.78,7,technical,AI,3,3,22.2,1
1,17.1,series_a,19.09,92.47,3,first_time,Healthtech,2,3,34.6,0
6,36.0,seed,158.2,82.44,6,business,Healthtech,3,2,24.0,1
7,36.0,angels,85.21,66.26,4,first_time,E-commerce,2,1,13.6,1
2,36.0,bootstrap,48.34,20.0,3,technical,Fintech,0,1,2.3,1
4,36.0,seed,115.19,84.57,8,business,Fintech,2,3,20.1,1
1,36.0,series_b,257.09,89.63,14,business,Fintech,3,4,41.6,1
5,26.7,angels,14.09,38.67,7,technical,Fintech,2,0,13.3,1
8,36.0,seed,134.17,62.46,10,first_time,AI,1,3,21.7,1
1,14.7,angels,15.24,62.47,11,technical,AI,1,1,10.5,1
4,36.0,seed,88.12,73.11,13,business,SaaS,3,1,22.6,1
8,36.0,series_b,154.35,91.17,13,business,E-commerce,3,3,40.8,1
3,2.5,bootstrap,11.99,47.56,14,first_time,AI,0,2,1.5,1
2,36.0,bootstrap,29.94,37.1,13,first_time,Fintech,0,2,2.5,1
4,36.0,angels,87.97,41.41,14,technical,E-commerce,2,0,10.6,1
5,36.0,angels,45.02,39.38,15,technical,AI,0,2,10.6,0
6,15.3,angels,8.08,56.15,12,technical,AI,3,1,11.1,0
3,17.6,bootstrap,8.89,33.76,8,first_time,E-commerce,1,2,3.0,0
8,36.0,angels,91.52,29.37,5,technical,Fintech,1,2,14.7,1
5,35.1,angels,37.87,62.71,9,first_time,Fintech,1,0,11.2,0
3,36.0,angels,29.25,42.8,13,technical,AI,1,1,13.6,1
8,36.0,seed,217.96,88.88,12,business,SaaS,2,2,20.9,1
8,36.0,seed,49.53,43.96,8,technical,E-commerce,2,4,23.2,1
4,36.0,seed,319.87,62.29,2,first_time,E-commerce,2,3,20.7,1
1,36.0,seed,107.83,54.5,5,technical,Healthtech,0,1,24.2,1
5,36.0,seed,189.57,50.37,9,business,Healthtech,1,4,23.7,1
5,36.0,angels,34.68,42.7,6,business,Healthtech,2,2,13.4,1
2,36.0,seed,161.58,91.56,7,business,Healthtech,2,2,20.1,0
6,3.2,bootstrap,9.57,37.15,5,technical,SaaS,0,0,4.2,0
7,31.2,bootstrap,11.06,23.12,2,business,Fintech,0,0,0.8,0
1,36.0,angels,79.47,22.57,7,business,E-commerce,0,0,12.7,0
6,36.0,series_a,17.03,54.18,7,business,E-commerce,2,2,33.9,0
2,36.0,seed,42.03,56.95,12,first_time,AI,0,2,23.2,0
6,36.0,bootstrap,33.65,25.49,2,technical,AI,3,0,4.1,0
4,36.0,angels,172.33,46.64,8,technical,Healthtech,3,3,13.5,1
1,21.9,bootstrap,8.22,20.0,13,business,AI,0,0,3.8,0
8,36.0,seed,168.64,63.62,5,technical,E-commerce,2,4,21.5,1
2,36.0,series_a,89.79,95.42,5,first_time,E-commerce,1,4,31.9,1
5,36.0,angels,267.51,74.34,2,first_time,AI,1,2,12.5,1
2,36.0,angels,133.2,21.58,9,technical,Healthtech,0,1,12.9,1
8,36.0,bootstrap,25.16,22.98,13,technical,AI,2,1,3.5,0
6,36.0,angels,94.34,37.19,8,technical,Fintech,3,1,12.8,1
7,16.3,series_a,4.66,82.19,7,first_time,SaaS,3,3,33.6,1
4,36.0,seed,181.52,46.7,12,business,Healthtech,1,2,20.8,1
4,11.3,angels,21.84,75.23,7,technical,AI,1,1,12.0,1
6,36.0,angels,88.93,50.65,6,first_time,AI,2,1,14.6,1
7,36.0,bootstrap,25.38,33.15,12,technical,Fintech,0,1,1.1,0
7,2.8,bootstrap,12.48,58.89,5,technical,Healthtech,2,0,0.7,0
1,36.0,bootstrap,76.54,34.76,13,first_time,SaaS,1,0,3.7,1
6,15.8,angels,1.35,56.0,5,business,Fintech,1,2,11.0,0
1,36.0,series_b,84.75,83.74,8,technical,AI,1,3,42.3,1
3,36.0,angels,24.54,29.44,4,technical,E-commerce,1,2,13.6,1
7,4.0,bootstrap,8.26,25.84,10,technical,Healthtech,1,0,2.4,1
3,7.1,bootstrap,26.81,67.8,7,technical,E-commerce,1,0,4.5,0
7,21.7,bootstrap,26.8,44.5,4,technical,SaaS,1,1,4.4,0
4,36.0,series_a,98.96,84.12,12,technical,E-commerce,2,3,32.5,1
2,36.0,angels,66.45,35.35,15,technical,Healthtech,0,1,14.8,1
3,25.5,seed,29.85,78.67,1,first_time,SaaS,2,3,21.5,1
5,36.0,series_a,383.4,59.63,9,business,SaaS,3,4,31.2,1
7,20.7,bootstrap,1.86,20.0,11,business,SaaS,1,1,3.4,0
5,36.0,seed,238.22,56.62,11,business,SaaS,2,1,22.9,1
8,15.2,series_b,10.94,124.32,4,first_time,Healthtech,3,4,41.3,1
7,14.8,angels,25.41,78.47,2,technical,SaaS,2,2,11.9,0
7,32.3,bootstrap,19.28,28.23,8,technical,E-commerce,1,0,1.2,1
5,33.3,series_b,33.81,84.89,10,business,E-commerce,2,4,41.2,1
3,36.0,series_a,71.54,55.39,5,technical,SaaS,2,3,31.8,0
4,34.1,angels,31.46,51.17,6,first_time,Fintech,1,2,14.6,1
1,36.0,angels,73.41,52.43,8,technical,Healthtech,1,0,14.2,0
3,4.5,bootstrap,13.76,46.84,7,first_time,Healthtech,1,1,2.6,0
8,36.0,series_a,76.11,93.66,8,technical,Fintech,3,4,32.4,1
4,32.9,angels,23.2,47.04,11,business,E-commerce,1,1,10.2,0
1,36.0,bootstrap,126.57,43.34,15,business,Healthtech,0,1,2.3,1
6,30.7,seed,22.79,54.49,12,technical,Healthtech,2,3,23.1,1
8,36.0,series_b,95.0,103.06,1,first_time,Healthtech,3,3,43.9,1
7,36.0,series_a,117.16,72.39,6,technical,Fintech,3,3,31.8,1
3,7.2,bootstrap,13.28,41.89,1,business,Healthtech,0,2,4.6,0
4,10.1,bootstrap,0.73,40.68,14,technical,AI,0,0,4.2,0
5,36.0,series_b,129.17,96.03,10,business,Healthtech,3,3,40.4,1
2,36.0,series_b,93.88,106.92,4,first_time,SaaS,3,4,44.5,1
3,31.5,angels,1.09,26.44,13,business,SaaS,2,0,11.1,0
2,36.0,seed,75.39,49.03,9,business,Healthtech,1,3,24.6,1
8,31.3,angels,18.11,45.95,1,technical,Fintech,3,2,13.2,0
6,36.0,angels,76.82,28.35,3,business,Healthtech,2,0,12.1,1
7,7.6,bootstrap,1.27,28.9,13,business,AI,0,2,2.2,1
7,19.4,bootstrap,16.0,29.38,5,first_time,Healthtech,1,1,2.8,0
8,10.6,bootstrap,9.17,54.65,8,first_time,Healthtech,2,2,4.2,0
1,22.1,series_a,7.39,82.14,14,business,AI,0,4,34.2,1
8,36.0,bootstrap,60.68,50.44,5,business,Healthtech,1,0,2.1,0
1,8.1,bootstrap,18.03,39.53,1,business,Healthtech,0,1,4.2,0
4,36.0,angels,26.67,41.96,2,first_time,SaaS,2,1,12.4,0
5,36.0,bootstrap,43.96,37.01,14,technical,Healthtech,1,1,2.1,1
3,16.2,bootstrap,17.05,45.94,9,technical,AI,0,1,1.2,0
2,36.0,angels,62.33,67.9,5,first_time,E-commerce,0,2,14.1,0
2,36.0,angels,36.94,48.02,2,first_time,E-commerce,2,3,13.1,1
7,36.0,seed,49.17,40.29,11,technical,Healthtech,3,4,22.2,1
3,36.0,series_a,130.41,54.23,1,technical,AI,2,3,33.3,1
3,8.2,bootstrap,0.93,30.1,2,technical,SaaS,1,1,4.3,0
8,36.0,series_a,73.31,44.93,9,business,E-commerce,3,3,31.0,1
2,36.0,series_a,375.12,106.93,10,technical,Healthtech,3,3,32.0,1
8,20.8,series_a,16.82,88.95,9,technical,E-commerce,3,3,31.9,0
8,36.0,seed,154.74,55.46,14,first_time,Healthtech,1,1,20.4,0
5,36.0,seed,23.93,48.36,5,business,Healthtech,2,3,21.7,1
2,36.0,seed,186.64,80.42,9,first_time,Fintech,0,4,23.8,0
2,26.6,seed,15.03,48.3,5,technical,E-commerce,1,4,21.3,1
3,36.0,bootstrap,13.66,20.0,6,technical,SaaS,2,0,4.1,0
5,36.0,series_b,132.0,83.51,3,first_time,E-commerce,3,3,44.8,1
2,36.0,angels,230.07,51.71,12,first_time,Fintech,0,1,11.1,1
4,20.2,seed,26.1,74.31,11,first_time,Fintech,3,3,22.0,1
1,36.0,angels,83.55,67.89,11,first_time,AI,0,3,10.7,1
5,6.8,bootstrap,13.1,50.67,3,first_time,Healthtech,0,2,3.5,0
1,36.0,angels,94.7,50.01,2,technical,Healthtech,0,2,12.4,0
6,36.0,angels,61.32,65.31,12,business,Fintech,2,1,12.9,1
1,14.0,angels,5.02,39.94,10,technical,Fintech,0,1,13.9,0
2,36.0,bootstrap,21.99,20.0,1,business,SaaS,0,1,3.9,0
2,7.9,bootstrap,4.37,24.93,10,technical,Healthtech,1,1,2.6,1
7,36.0,angels,19.87,37.91,15,technical,Fintech,1,0,14.4,1
1,36.0,angels,49.68,40.52,12,first_time,SaaS,0,2,14.7,1
4,36.0,series_b,31.9,80.61,5,first_time,AI,2,3,43.2,1
5,36.0,bootstrap,76.05,28.08,5,business,E-commerce,0,0,0.2,0
5,11.2,bootstrap,16.73,44.3,12,business,E-commerce,1,1,3.9,1
6,10.6,bootstrap,21.32,60.73,7,technical,Healthtech,1,1,4.5,1
7,36.0,angels,46.35,24.12,12,first_time,E-commerce,1,1,12.8,0
4,36.0,angels,29.08,30.68,15,first_time,Healthtech,2,1,13.5,0
7,36.0,seed,39.11,53.13,7,business,E-commerce,2,4,21.8,1
3,36.0,series_b,148.95,106.49,9,first_time,SaaS,3,3,42.5,0
8,36.0,bootstrap,55.87,31.93,8,technical,Fintech,1,0,4.0,1
5,36.0,seed,122.37,54.14,8,first_time,E-commerce,1,4,24.4,0
6,9.9,bootstrap,5.78,45.75,2,technical,AI,2,1,0.6,0
8,36.0,bootstrap,62.57,49.35,15,business,SaaS,2,1,0.1,1
7,36.0,angels,72.13,49.72,9,technical,Healthtech,0,2,11.9,1
7,36.0,bootstrap,60.82,22.76,4,first_time,Healthtech,2,2,2.0,1
5,33.0,seed,37.63,69.05,9,technical,Healthtech,0,2,23.9,0
1,36.0,seed,195.93,61.5,6,technical,SaaS,1,3,20.0,1
4,26.0,seed,20.3,61.38,13,business,E-commerce,1,2,23.8,1
2,36.0,angels,94.07,42.31,12,first_time,Fintech,1,1,12.7,1
8,36.0,seed,54.21,78.87,6,first_time,AI,3,3,23.5,1
2,13.5,angels,0.29,53.75,11,first_time,Healthtech,0,3,12.5,1
2,36.0,bootstrap,75.18,50.54,1,business,Fintech,0,0,4.0,1
2,36.0,bootstrap,64.01,55.04,15,technical,SaaS,0,0,2.2,0
6,19.1,seed,20.65,71.88,8,business,SaaS,1,4,21.7,1
5,36.0,series_b,54.69,87.4,10,technical,Fintech,3,2,43.2,0
8,31.6,bootstrap,40.38,50.6,10,technical,E-commerce,0,0,2.2,0
4,36.0,angels,82.89,56.98,5,technical,Fintech,2,3,11.5,0
3,36.0,seed,115.45,104.05,11,technical,Healthtech,1,4,24.6,0
1,16.5,series_a,8.88,84.65,6,technical,AI,1,3,33.6,0
1,15.0,angels,13.07,60.47,11,technical,E-commerce,0,1,11.0,0
3,14.8,seed,11.57,69.36,2,first_time,E-commerce,0,3,23.7,0
8,36.0,seed,62.84,63.51,3,business,AI,1,3,21.3,0
5,18.7,series_a,2.99,76.12,14,business,Healthtech,3,4,32.2,1
8,12.4,bootstrap,3.66,39.41,12,technical,SaaS,3,0,1.1,1
1,36.0,series_b,132.16,102.82,2,first_time,AI,2,4,40.6,1
1,2.0,bootstrap,4.4,52.32,4,technical,Healthtech,0,1,2.0,1
7,36.0,series_a,152.02,84.63,9,business,Healthtech,3,3,32.8,1
1,15.7,bootstrap,3.16,28.06,1,technical,E-commerce,0,0,1.5,0
1,36.0,bootstrap,67.35,30.1,7,technical,Healthtech,0,1,0.4,1
4,22.4,bootstrap,7.28,20.0,5,business,Healthtech,0,1,1.2,0
8,10.6,angels,17.21,74.92,3,technical,Healthtech,0,4,11.2,0
6,2.6,bootstrap,0.14,26.88,5,first_time,Healthtech,2,1,3.0,0
1,28.3,bootstrap,38.47,49.51,5,first_time,SaaS,0,0,1.4,1
7,34.6,angels,36.18,54.15,2,business,Healthtech,1,3,12.7,0
7,36.0,angels,257.01,54.56,10,business,AI,3,3,12.4,1
7,20.7,seed,11.65,63.24,5,first_time,Healthtech,1,1,21.3,0
8,36.0,series_a,226.65,68.18,1,technical,Fintech,3,3,33.7,1
2,36.0,seed,18.02,50.47,1,first_time,SaaS,0,2,23.3,1
8,2.8,bootstrap,27.41,60.93,15,business,Healthtech,1,2,3.4,1
3,9.5,bootstrap,10.57,36.71,2,first_time,AI,0,1,2.2,0
7,36.0,series_a,80.26,96.88,14,first_time,Healthtech,1,4,31.6,0
5,4.7,bootstrap,3.99,55.77,3,first_time,Fintech,0,3,3.0,0
7,36.0,angels,61.8,43.84,2,business,Healthtech,3,3,14.8,1
6,36.0,series_b,78.29,101.35,9,technical,Healthtech,2,4,42.2,1
6,18.5,series_b,0.57,95.68,14,first_time,AI,3,4,43.3,0
5,36.0,angels,19.29,32.64,2,technical,Fintech,0,3,12.2,0
7,16.6,seed,0.34,62.22,5,business,E-commerce,2,3,24.7,1
6,14.7,angels,10.02,58.81,12,technical,Fintech,0,2,11.3,0
2,36.0,seed,152.44,57.51,2,business,SaaS,2,4,22.3,1
7,15.3,bootstrap,11.33,30.13,3,business,AI,1,0,2.5,0
5,36.0,bootstrap,37.11,32.4,5,business,Healthtech,0,1,3.6,0
3,36.0,seed,127.71,96.67,13,technical,AI,1,0,23.6,1
5,12.2,bootstrap,0.65,20.0,13,business,Fintech,0,1,3.7,0
8,36.0,seed,243.0,72.52,11,technical,SaaS,2,4,23.7,1
7,36.0,angels,28.31,46.2,10,business,Healthtech,2,1,12.3,1
7,36.0,series_a,184.96,70.39,1,first_time,SaaS,2,4,30.8,1
4,36.0,series_a,57.05,75.83,4,first_time,E-commerce,2,2,34.4,1
7,15.4,angels,24.73,60.01,14,business,SaaS,1,1,11.6,1
4,36.0,seed,125.88,75.87,11,first_time,Fintech,0,1,20.6,1
6,36.0,bootstrap,73.78,37.79,4,first_time,AI,2,2,0.6,0
6,25.9,angels,46.6,66.39,11,business,Healthtech,1,1,12.5,1
2,6.0,bootstrap,0.66,54.03,11,first_time,SaaS,1,0,2.1,0
3,36.0,series_a,80.3,92.25,12,technical,Healthtech,2,1,33.3,1
1,36.0,series_a,39.71,71.81,15,technical,Fintech,0,4,33.1,0
2,36.0,series_a,90.92,87.42,9,technical,Fintech,1,2,30.5,1
4,36.0,series_a,61.65,87.49,1,business,SaaS,1,3,31.5,0
4,36.0,series_b,38.84,82.77,13,first_time,Fintech,2,4,44.5,1
2,17.5,bootstrap,1.32,20.0,1,technical,E-commerce,1,0,3.8,1
4,28.2,series_b,2.66,64.66,10,business,Healthtech,3,4,44.4,1
5,36.0,angels,70.06,51.05,12,business,E-commerce,1,2,10.1,0
2,23.2,angels,25.84,54.47,2,business,Fintech,0,2,14.6,0
3,36.0,angels,154.35,32.27,12,first_time,AI,1,1,14.3,1
3,36.0,bootstrap,90.16,50.69,13,business,AI,0,1,2.3,1
5,36.0,bootstrap,36.54,37.28,10,business,E-commerce,2,0,3.4,0
3,3.8,bootstrap,24.19,55.24,5,technical,E-commerce,1,2,1.4,1
6,3.7,bootstrap,8.68,40.56,4,business,Healthtech,1,2,3.3,0
3,36.0,angels,33.58,34.0,11,technical,SaaS,1,2,14.0,1
4,36.0,series_a,95.64,86.87,3,technical,Fintech,2,2,32.4,1
4,36.0,seed,188.93,75.05,11,first_time,Healthtech,1,3,20.1,1
2,36.0,angels,58.71,41.79,3,first_time,SaaS,0,0,12.1,1
6,36.0,angels,16.65,28.37,6,business,Healthtech,1,0,13.6,0
2,31.0,angels,28.94,51.5,8,technical,AI,0,3,13.5,1
3,36.0,bootstrap,91.32,20.0,3,business,SaaS,1,0,2.4,1
7,24.3,series_a,29.25,96.81,12,first_time,Healthtech,2,2,34.9,1
8,36.0,bootstrap,38.56,28.89,11,business,Healthtech,1,1,0.6,1
6,13.7,seed,14.93,90.87,1,technical,AI,0,4,20.8,0
8,36.0,seed,17.16,33.14,13,first_time,AI,1,2,21.3,0
7,36.0,angels,132.04,52.02,11,business,E-commerce,3,2,14.0,1
4,36.0,series_a,71.68,101.44,13,business,Fintech,2,3,33.8,1
7,29.3,bootstrap,18.42,21.65,10,business,SaaS,2,2,3.9,0
3,36.0,series_a,46.87,77.61,10,first_time,Healthtech,2,3,34.4,0
4,36.0,seed,41.54,58.95,6,technical,SaaS,1,3,22.2,0
5,36.0,seed,51.52,54.74,4,technical,E-commerce,0,2,21.6,1
8,19.1,seed,22.28,68.67,4,business,E-commerce,2,3,23.0,1
7,36.0,series_a,25.48,60.57,5,business,Fintech,2,2,32.0,0
4,36.0,series_b,228.05,93.34,5,business,AI,1,4,42.6,1
6,21.8,angels,22.85,57.74,12,first_time,E-commerce,1,2,10.7,1
2,36.0,series_a,73.57,76.77,8,first_time,Healthtech,2,3,32.0,1
7,36.0,seed,280.04,50.0,7,technical,Healthtech,1,4,22.4,1
5,13.1,angels,1.85,65.45,11,first_time,SaaS,1,2,10.4,0
5,30.9,series_b,45.8,105.95,11,technical,SaaS,3,4,45.0,1
7,36.0,angels,42.13,34.38,15,business,AI,2,2,10.2,1
6,36.0,angels,118.75,30.59,5,business,SaaS,2,2,14.6,0
1,36.0,bootstrap,43.65,20.72,4,first_time,SaaS,0,0,0.4,1
3,36.0,bootstrap,60.14,43.18,1,technical,AI,1,0,4.3,0
2,31.3,series_a,38.21,84.13,3,business,Healthtech,1,3,32.7,1
6,36.0,angels,45.49,61.85,10,technical,Healthtech,2,1,11.0,1
1,36.0,angels,150.54,45.11,13,technical,E-commerce,0,1,11.2,1
2,36.0,bootstrap,50.88,21.13,10,first_time,AI,1,0,1.8,1
5,19.8,angels,40.14,63.78,15,technical,Fintech,1,1,14.0,1
6,24.9,series_a,10.66,71.7,10,business,SaaS,2,3,30.7,0
5,36.0,series_a,103.01,82.8,14,first_time,E-commerce,3,2,31.2,0
7,11.9,bootstrap,0.51,20.0,5,business,Fintech,0,1,3.5,0
8,36.0,angels,96.58,41.45,5,business,E-commerce,3,2,13.1,1
2,36.0,angels,155.96,65.14,13,business,E-commerce,1,1,12.1,1
8,36.0,seed,120.35,54.26,10,first_time,AI,3,2,20.3,1
5,16.9,angels,18.34,62.22,8,technical,Fintech,2,2,12.8,1
6,36.0,angels,38.21,20.0,15,first_time,Fintech,1,1,11.1,1
1,36.0,angels,42.02,41.61,12,business,SaaS,1,2,13.1,0
5,28.4,angels,24.92,47.43,5,technical,E-commerce,1,1,11.4,1
6,36.0,angels,119.18,76.14,10,first_time,Fintech,0,0,14.9,1
5,36.0,angels,24.79,32.46,6,business,Healthtech,1,0,13.0,0
1,36.0,series_a,228.37,90.06,7,business,AI,1,4,32.9,1
5,36.0,seed,69.8,80.85,13,technical,SaaS,2,3,24.2,1
8,11.3,bootstrap,3.77,24.18,11,technical,Fintech,2,0,5.0,0
6,36.0,series_a,256.18,74.4,1,technical,E-commerce,3,4,33.9,1
2,36.0,series_a,81.44,82.12,9,business,Healthtech,2,4,33.0,0
8,23.3,bootstrap,2.89,20.0,10,business,Fintech,2,0,4.3,0
8,36.0,angels,125.92,43.17,8,first_time,Healthtech,3,1,10.9,1
2,34.1,bootstrap,41.87,54.14,5,technical,Fintech,0,2,3.8,0
7,23.9,seed,28.4,72.84,10,first_time,SaaS,3,2,23.4,1
4,15.1,bootstrap,15.29,32.65,15,business,SaaS,0,0,2.8,0
5,36.0,seed,220.09,66.7,2,technical,E-commerce,3,3,24.3,1
4,6.9,bootstrap,11.68,43.71,10,technical,Fintech,1,1,3.5,0
7,36.0,angels,49.41,61.59,14,first_time,AI,3,1,13.6,0
8,36.0,series_b,236.07,86.65,7,technical,AI,2,4,44.5,1
7,16.0,angels,26.01,73.02,6,business,E-commerce,1,1,13.5,0
8,36.0,series_a,232.9,99.75,4,business,Fintech,3,3,31.3,1
8,36.0,series_b,178.02,105.16,4,first_time,AI,3,3,40.9,1
1,36.0,series_a,94.76,67.36,6,technical,SaaS,0,3,32.6,1
3,36.0,bootstrap,19.33,20.0,12,business,E-commerce,0,0,1.2,1
6,36.0,series_a,219.91,75.1,3,first_time,E-commerce,0,4,33.5,1
5,36.0,bootstrap,38.3,35.91,4,first_time,E-commerce,1,2,4.2,1
1,36.0,angels,37.57,23.47,15,technical,Healthtech,0,2,11.5,1
1,33.8,series_a,49.19,87.42,15,first_time,E-commerce,2,3,34.6,0
5,29.8,seed,42.23,84.31,4,business,Healthtech,0,1,23.7,1
5,36.0,angels,57.04,58.65,7,technical,AI,1,2,14.9,1
2,17.9,angels,1.58,39.86,7,technical,SaaS,1,0,11.0,0
2,27.0,series_a,20.85,68.08,5,first_time,SaaS,2,3,32.3,1
2,36.0,seed,241.46,69.5,3,first_time,SaaS,2,3,23.2,1
5,36.0,angels,88.71,47.7,1,first_time,E-commerce,1,2,13.8,1
1,36.0,series_a,166.15,86.65,10,technical,E-commerce,2,4,34.6,1
5,20.8,bootstrap,21.74,44.03,1,business,SaaS,1,0,4.5,1
4,8.1,bootstrap,8.89,51.38,10,technical,AI,0,0,1.2,0
4,36.0,seed,79.29,48.02,2,first_time,Fintech,0,3,22.1,0
6,21.6,series_b,5.41,98.32,3,technical,AI,3,3,43.6,1
5,24.6,bootstrap,19.44,29.55,1,first_time,SaaS,0,0,0.7,0
6,1.7,bootstrap,0.39,33.52,6,first_time,Fintech,0,0,4.8,0
7,7.7,bootstrap,13.17,47.97,5,business,AI,1,0,3.7,0
8,36.0,series_a,497.8,94.6,5,business,AI,2,3,34.1,1
7,5.4,bootstrap,11.02,55.98,5,business,SaaS,0,1,4.5,0
5,36.0,angels,68.17,56.38,15,first_time,AI,1,2,10.9,1
4,36.0,series_b,76.07,93.35,7,business,AI,2,3,42.1,1
2,8.5,bootstrap,1.11,31.21,13,business,Fintech,0,1,3.3,0
5,25.2,angels,0.34,23.98,4,technical,Healthtech,2,1,14.1,0
2,12.8,angels,9.4,70.1,8,technical,Healthtech,1,1,13.7,0
8,31.2,series_a,29.78,75.17,1,business,Fintech,3,4,30.6,1
7,18.5,angels,29.08,57.59,4,technical,Healthtech,3,3,13.2,1
1,13.5,angels,16.3,60.18,2,business,AI,0,2,11.5,0
7,36.0,bootstrap,21.14,20.0,1,business,Healthtech,2,0,2.0,1
1,36.0,seed,132.4,51.15,3,technical,AI,0,2,25.0,1
6,11.2,seed,2.64,88.21,3,business,AI,3,3,20.8,0
1,3.1,bootstrap,4.15,39.36,5,business,E-commerce,0,1,0.5,0
4,36.0,angels,166.43,41.29,12,business,SaaS,1,2,12.0,1
6,36.0,series_a,152.42,78.1,3,technical,SaaS,2,3,34.3,1
6,6.3,bootstrap,5.1,51.29,10,technical,Fintech,2,1,0.8,1
4,8.1,bootstrap,2.17,49.01,6,business,Healthtech,1,2,0.4,0
8,36.0,angels,111.76,28.01,7,first_time,Healthtech,3,1,12.1,1
7,36.0,bootstrap,66.65,59.51,14,business,Healthtech,2,1,3.2,1
2,14.3,bootstrap,20.84,49.49,7,business,Fintech,1,2,0.8,1
6,36.0,angels,45.08,47.71,4,technical,Healthtech,1,1,14.0,0
6,21.9,bootstrap,2.49,20.0,4,technical,Healthtech,1,1,4.2,0
3,28.9,angels,39.17,65.81,3,first_time,SaaS,0,3,12.6,0
6,36.0,seed,70.91,72.15,13,technical,Fintech,1,2,20.2,1
8,36.0,angels,160.57,28.13,10,technical,Healthtech,2,1,12.6,1
7,3.4,bootstrap,5.29,31.52,5,technical,SaaS,1,0,1.1,0
7,20.8,series_a,50.47,126.89,8,business,Fintech,1,3,32.2,1
6,12.4,bootstrap,18.11,35.25,8,first_time,E-commerce,1,2,3.8,1
3,29.3,seed,16.19,53.87,1,business,SaaS,0,4,20.3,0
7,36.0,angels,89.37,34.87,14,technical,SaaS,1,1,10.0,1
3,18.4,seed,30.54,91.58,12,business,Fintech,2,3,20.7,1
5,1.6,bootstrap,9.58,47.72,9,technical,Healthtech,1,1,0.2,0
3,30.7,bootstrap,43.89,56.11,11,first_time,E-commerce,0,1,1.3,1
3,18.1,angels,5.73,53.72,2,technical,Healthtech,1,2,12.0,0
2,10.6,bootstrap,21.86,53.81,15,first_time,SaaS,0,1,3.9,1
8,35.5,bootstrap,9.95,22.28,10,technical,Healthtech,3,1,0.2,1
2,36.0,seed,44.67,67.44,15,technical,Fintech,1,2,21.8,1
1,36.0,series_a,77.84,84.31,13,technical,AI,2,3,34.6,1
8,10.8,bootstrap,36.73,55.74,9,business,Healthtech,2,0,2.9,1
5,36.0,series_a,111.72,84.78,5,business,AI,3,4,34.1,1
4,36.0,seed,91.76,55.62,11,technical,AI,0,1,22.4,1
6,36.0,series_a,103.6,80.96,8,first_time,Healthtech,1,3,30.5,1
4,36.0,seed,58.18,39.85,7,first_time,SaaS,2,3,20.9,0
2,36.0,seed,173.4,30.19,11,first_time,E-commerce,1,3,23.8,1
6,10.3,angels,3.69,62.47,14,first_time,E-commerce,0,2,14.3,0
2,36.0,seed,96.33,59.38,3,business,AI,0,4,22.3,1
5,36.0,series_a,79.19,76.08,9,business,Healthtech,3,3,32.5,1
8,7.4,bootstrap,5.62,47.46,12,business,Fintech,1,0,2.3,0
8,36.0,bootstrap,75.21,55.96,5,first_time,Healthtech,2,2,0.1,1
3,36.0,bootstrap,54.03,43.02,6,business,AI,0,1,0.5,0
7,36.0,series_b,291.04,123.92,1,business,SaaS,3,3,45.0,1
5,17.9,angels,23.67,57.54,5,first_time,Healthtech,3,2,10.2,0
4,36.0,seed,77.39,69.53,9,technical,SaaS,3,2,21.7,1
2,36.0,series_a,141.86,83.61,15,technical,SaaS,2,4,33.5,1
4,36.0,series_b,118.31,75.72,8,technical,AI,2,4,42.1,1
6,12.8,bootstrap,28.03,49.34,5,first_time,AI,1,2,4.9,0
8,36.0,seed,86.66,28.32,13,business,Healthtech,2,1,20.2,1
1,36.0,series_a,67.84,71.21,3,technical,SaaS,0,2,34.4,1
6,20.3,bootstrap,11.74,35.34,3,business,SaaS,2,3,0.7,0
7,36.0,seed,36.93,53.15,8,first_time,Fintech,2,2,21.0,1
8,19.4,angels,9.79,43.22,13,business,AI,2,2,12.6,1
4,36.0,seed,152.93,92.59,4,first_time,Healthtech,1,2,24.4,1
1,36.0,angels,166.93,66.56,1,business,AI,0,0,12.1,1
3,36.0,bootstrap,19.91,24.71,11,business,Healthtech,1,1,1.5,0
7,36.0,bootstrap,21.33,27.96,9,technical,AI,1,1,2.0,1
8,36.0,bootstrap,140.41,20.0,11,technical,E-commerce,0,1,0.5,1
6,36.0,bootstrap,53.0,45.57,6,business,Fintech,1,0,4.2,0
1,36.0,seed,129.7,61.25,2,business,E-commerce,1,2,24.6,1
1,36.0,angels,16.01,20.5,5,first_time,AI,0,3,13.4,1
4,36.0,bootstrap,42.7,36.51,8,technical,SaaS,0,0,2.2,1
5,16.1,seed,9.15,71.58,7,first_time,SaaS,1,3,23.1,0
1,21.3,seed,21.46,79.45,14,technical,AI,2,2,22.8,1
6,36.0,angels,46.25,48.9,4,technical,SaaS,1,3,10.3,1
5,36.0,series_b,57.81,89.41,5,technical,Fintech,2,3,42.0,1
1,15.5,angels,31.38,79.79,3,technical,SaaS,0,2,13.3,1
1,36.0,series_a,53.11,80.1,9,first_time,Fintech,2,4,34.2,0
4,27.1,bootstrap,32.18,45.79,13,technical,AI,1,1,1.8,1
6,36.0,seed,41.28,56.91,14,business,Healthtech,1,1,24.1,1
7,36.0,series_b,84.9,105.35,4,business,SaaS,2,4,43.8,1
4,36.0,series_a,268.6,58.17,7,technical,E-commerce,2,4,34.6,1
3,36.0,angels,114.46,43.07,12,business,E-commerce,0,1,14.9,1
8,30.2,seed,5.53,46.88,1,business,Fintech,2,3,20.2,0
4,28.7,angels,17.8,40.93,11,first_time,Fintech,0,1,12.2,0
3,36.0,seed,185.69,83.76,3,first_time,E-commerce,2,2,23.9,1
4,18.0,seed,3.23,55.82,1,technical,Fintech,1,3,24.1,0
1,28.6,series_b,34.74,105.77,2,business,AI,3,3,40.4,1
3,26.6,angels,55.67,72.76,14,first_time,SaaS,1,1,13.0,0
5,36.0,bootstrap,25.18,34.59,11,technical,E-commerce,1,2,4.5,0
8,16.5,angels,36.16,64.91,12,technical,Fintech,1,1,11.1,1
6,8.4,bootstrap,16.08,42.97,11,first_time,Healthtech,0,0,1.7,0
7,36.0,bootstrap,32.87,36.75,12,first_time,Fintech,0,0,2.0,0
5,24.8,bootstrap,36.85,46.25,8,first_time,Fintech,0,3,2.0,0
1,36.0,seed,146.07,92.6,13,first_time,SaaS,0,2,22.8,0
4,15.7,bootstrap,19.4,25.44,1,technical,AI,1,1,0.3,1
8,17.9,bootstrap,5.0,20.61,9,first_time,Fintech,1,0,3.9,1
1,36.0,bootstrap,25.08,20.0,12,technical,Fintech,0,0,0.6,0
8,36.0,series_a,159.43,94.92,15,business,E-commerce,1,2,34.1,1
6,36.0,seed,309.25,81.94,6,first_time,Fintech,3,3,20.1,1
3,27.2,bootstrap,19.51,26.94,3,technical,E-commerce,0,1,3.9,1
7,36.0,bootstrap,12.1,20.0,11,first_time,AI,2,1,1.8,0
7,36.0,angels,130.23,39.88,2,technical,SaaS,1,2,13.3,1
1,10.3,bootstrap,1.33,43.22,12,first_time,Fintech,0,0,0.9,1
1,36.0,angels,26.96,49.0,11,business,SaaS,2,1,12.7,1
6,36.0,angels,54.63,52.71,11,first_time,Healthtech,2,0,11.5,1
8,36.0,series_b,51.4,87.15,5,business,E-commerce,3,2,40.0,1
1,36.0,bootstrap,55.57,50.21,2,technical,Healthtech,0,2,3.6,1
6,36.0,seed,84.16,70.15,10,technical,SaaS,1,3,20.7,1
2,36.0,bootstrap,105.71,43.8,6,first_time,SaaS,0,2,4.7,1
6,36.0,series_b,88.45,97.39,6,first_time,E-commerce,2,4,42.7,1
5,29.4,series_b,33.21,102.87,3,first_time,E-commerce,3,4,40.0,1
1,36.0,seed,182.17,71.88,6,technical,Healthtech,0,3,24.7,1
6,36.0,angels,37.91,36.08,13,business,AI,2,3,10.7,1
8,36.0,bootstrap,43.5,40.6,14,technical,Fintech,3,0,4.2,1
7,36.0,series_a,84.21,91.87,6,business,Fintech,3,4,31.6,1
1,13.2,seed,11.94,82.33,3,business,Fintech,0,3,22.8,0
2,7.3,bootstrap,3.62,41.24,1,first_time,E-commerce,1,1,4.2,0
2,36.0,angels,23.29,35.52,3,first_time,AI,1,2,10.3,1
4,27.2,angels,7.53,37.83,1,technical,E-commerce,1,1,13.4,0
2,25.0,series_a,8.96,73.47,11,first_time,E-commerce,1,3,30.7,0
7,36.0,seed,263.51,67.84,10,business,SaaS,1,1,23.6,1
7,25.9,seed,22.52,63.17,12,business,Fintech,3,3,20.8,0
7,36.0,seed,71.61,48.14,5,business,Fintech,3,1,20.1,1
2,23.5,bootstrap,0.89,20.0,13,technical,Healthtech,0,1,0.8,0
1,36.0,angels,30.47,20.0,3,technical,Healthtech,0,3,13.1,1
8,25.9,bootstrap,7.21,20.0,4,business,SaaS,2,0,4.9,0
3,36.0,seed,48.54,63.02,14,technical,SaaS,1,1,24.9,1
6,36.0,angels,117.42,84.8,14,business,E-commerce,2,2,13.7,1
8,13.1,angels,23.31,76.95,9,first_time,Healthtech,2,0,14.1,1
1,36.0,bootstrap,32.22,20.33,10,business,Healthtech,0,1,4.4,1
1,11.7,bootstrap,8.93,37.25,11,technical,Fintech,1,0,2.6,1
1,36.0,angels,71.58,28.03,13,technical,AI,0,2,11.1,1
2,13.7,bootstrap,4.29,20.0,4,business,SaaS,0,1,3.3,0
1,36.0,bootstrap,33.54,20.0,2,first_time,Fintech,0,1,0.7,1
7,36.0,seed,117.14,61.62,3,technical,Fintech,2,4,24.2,1
5,17.8,angels,2.71,47.26,6,first_time,SaaS,2,3,12.1,1
8,11.4,angels,1.95,53.79,4,technical,E-commerce,2,1,11.3,0
7,36.0,angels,58.11,59.95,8,technical,E-commerce,1,3,14.2,0
8,36.0,series_a,47.59,74.95,3,technical,Healthtech,3,3,30.6,1
2,36.0,bootstrap,55.83,35.54,9,first_time,Healthtech,2,0,4.9,1
3,36.0,seed,427.39,48.59,11,business,SaaS,1,2,24.8,1
7,36.0,series_b,114.72,74.83,2,first_time,SaaS,3,2,43.0,0
2,36.0,seed,83.25,42.52,5,first_time,SaaS,1,1,23.6,1
1,17.9,angels,18.68,59.74,9,business,E-commerce,0,1,10.2,1
6,36.0,seed,303.48,59.93,1,technical,E-commerce,2,3,22.2,1
7,36.0,angels,55.54,21.93,10,first_time,SaaS,2,1,14.4,1
8,36.0,angels,40.47,49.05,12,first_time,Healthtech,1,2,10.1,1
8,36.0,angels,36.92,31.27,6,technical,AI,1,1,11.5,0
1,6.4,bootstrap,2.47,59.91,1,technical,SaaS,0,0,1.8,0
7,36.0,bootstrap,31.3,26.32,8,technical,E-commerce,1,0,3.4,1
7,16.6,angels,10.72,60.22,14,technical,Healthtech,2,3,13.5,1
6,3.3,bootstrap,5.58,51.33,5,technical,SaaS,2,0,0.3,0
7,36.0,angels,68.41,35.68,13,technical,Fintech,2,2,11.1,1
7,13.3,angels,4.06,51.14,14,technical,E-commerce,2,1,14.1,0
4,36.0,series_b,109.52,103.3,5,technical,E-commerce,3,3,41.0,1
1,5.2,bootstrap,24.92,36.73,9,first_time,Fintech,0,1,1.4,0
4,16.5,seed,7.41,70.42,1,business,E-commerce,1,1,20.8,1
2,36.0,angels,18.2,30.06,9,business,SaaS,1,2,13.8,1
1,36.0,bootstrap,41.44,43.31,14,business,Fintech,1,0,0.1,1
1,35.8,bootstrap,23.32,27.71,15,technical,Fintech,2,0,1.5,1
6,9.5,bootstrap,12.99,40.24,3,first_time,SaaS,1,0,2.7,0
5,10.3,bootstrap,6.65,48.8,10,first_time,SaaS,1,0,0.0,1
5,7.0,bootstrap,24.52,45.03,1,business,Healthtech,1,2,4.8,1
6,19.6,angels,23.88,55.23,5,technical,AI,1,1,14.3,0
5,36.0,angels,35.44,59.63,13,technical,SaaS,1,3,13.2,1
6,30.4,bootstrap,30.17,45.33,10,first_time,Healthtech,1,0,2.2,0
1,18.5,bootstrap,53.9,57.43,6,business,E-commerce,0,2,0.8,1
7,36.0,bootstrap,109.79,34.49,15,business,Fintech,1,2,2.8,1
4,36.0,angels,81.25,52.46,12,business,Healthtech,1,2,11.2,1
2,25.9,bootstrap,31.01,48.98,1,technical,Fintech,0,0,3.2,0
7,36.0,angels,222.67,42.64,2,business,Healthtech,2,3,10.7,1
6,22.7,bootstrap,9.5,20.0,10,technical,Fintech,0,2,3.6,1
1,7.8,bootstrap,20.12,42.4,14,technical,Healthtech,0,0,1.6,1
2,36.0,series_b,94.97,91.91,3,business,SaaS,1,2,42.5,1
1,36.0,bootstrap,28.65,20.0,9,business,Fintech,1,2,0.8,1
3,36.0,bootstrap,31.56,42.51,13,business,SaaS,1,0,1.3,1
1,36.0,bootstrap,88.03,56.47,13,technical,Healthtech,0,0,2.3,0
6,36.0,series_b,29.24,70.55,10,first_time,Healthtech,3,4,42.3,1
5,36.0,seed,70.38,80.33,15,technical,Healthtech,3,2,25.0,1
8,36.0,seed,41.03,26.94,15,business,Healthtech,2,1,21.7,1
6,28.7,series_b,28.86,89.0,13,first_time,E-commerce,3,2,40.4,0
5,4.1,bootstrap,4.6,62.61,11,technical,SaaS,1,0,2.6,0
5,36.0,series_b,56.09,90.08,15,first_time,SaaS,3,3,41.6,1
1,3.1,bootstrap,11.69,36.35,1,business,SaaS,1,1,4.4,0
1,36.0,seed,202.32,76.44,2,technical,SaaS,0,3,21.1,1
5,36.0,angels,27.3,24.25,8,technical,AI,1,2,14.3,0
1,36.0,angels,50.19,51.08,11,technical,E-commerce,1,2,13.3,1
1,36.0,series_b,158.5,95.96,14,first_time,SaaS,2,4,40.9,1
2,2.0,bootstrap,25.71,62.93,11,technical,SaaS,1,0,2.0,0
8,36.0,series_b,81.33,76.46,4,business,E-commerce,2,2,42.5,1
4,36.0,angels,137.41,44.28,14,first_time,SaaS,2,1,12.6,1
6,36.0,seed,186.56,51.07,2,technical,SaaS,1,3,22.0,1
4,36.0,series_b,117.42,79.48,2,first_time,SaaS,3,1,42.9,1
2,9.6,bootstrap,2.44,51.91,11,first_time,E-commerce,0,2,3.6,1
3,36.0,series_b,84.65,95.4,15,first_time,Fintech,1,3,42.5,0
1,34.9,angels,22.97,41.67,8,business,AI,1,1,13.0,1
7,36.0,seed,63.22,57.23,3,technical,AI,2,2,24.3,1
2,9.8,bootstrap,16.56,26.55,1,business,Healthtech,0,1,2.5,1
4,36.0,angels,43.68,42.89,15,technical,AI,0,1,12.1,1
8,36.0,seed,91.27,46.03,5,technical,Healthtech,2,4,21.2,0
5,36.0,angels,64.75,46.12,10,technical,E-commerce,3,1,10.7,0
4,36.0,bootstrap,29.69,29.61,5,first_time,Healthtech,0,1,1.5,0
5,36.0,bootstrap,37.32,23.63,4,first_time,AI,0,2,2.0,1
7,36.0,series_a,187.62,82.33,11,first_time,Healthtech,3,3,33.8,1
3,18.6,bootstrap,15.72,38.6,12,business,SaaS,0,0,1.1,0
6,36.0,seed,238.91,56.65,8,technical,AI,2,3,23.5,1
7,36.0,series_b,479.78,92.84,8,first_time,AI,3,3,40.4,1
5,7.1,bootstrap,9.75,67.38,8,business,Healthtech,0,1,0.8,0
4,36.0,bootstrap,64.57,66.81,9,first_time,SaaS,0,0,1.6,0
2,36.0,seed,93.2,49.19,13,business,SaaS,0,1,22.3,1
2,36.0,bootstrap,26.05,21.28,11,technical,Healthtech,0,2,0.9,0
8,23.0,angels,11.69,34.11,5,business,SaaS,1,3,10.6,0
5,36.0,seed,79.64,80.86,4,first_time,E-commerce,1,3,22.8,1
3,36.0,angels,32.75,44.02,11,business,AI,1,3,12.1,1
4,36.0,angels,310.16,53.6,10,technical,Fintech,2,2,12.1,1
5,36.0,seed,148.68,94.95,6,technical,AI,3,2,21.5,1
5,36.0,angels,45.66,49.84,13,business,SaaS,2,0,11.9,1
6,36.0,bootstrap,47.13,45.59,7,technical,E-commerce,1,0,0.9,0
3,25.4,angels,36.66,57.81,6,business,SaaS,2,1,11.4,1
6,25.5,series_a,10.75,71.18,9,technical,Fintech,2,2,32.7,0
4,36.0,seed,212.11,80.89,3,technical,AI,1,2,22.6,0
8,36.0,angels,52.11,37.25,11,technical,Fintech,2,4,14.5,1
2,5.2,bootstrap,11.1,55.1,14,technical,Fintech,0,1,4.2,1
2,36.0,bootstrap,34.32,26.19,15,business,AI,0,0,0.0,0
4,36.0,bootstrap,58.64,27.83,7,technical,AI,1,1,1.1,0
5,36.0,bootstrap,43.16,20.0,5,business,Healthtech,3,0,4.4,1
6,36.0,series_b,80.94,81.14,8,business,Healthtech,3,2,41.6,0
4,17.4,bootstrap,2.69,28.6,2,business,Healthtech,1,0,2.4,0
8,36.0,series_a,242.29,43.53,11,first_time,AI,3,4,33.4,1
4,5.6,bootstrap,19.15,31.5,7,technical,E-commerce,0,1,2.7,1
2,11.5,bootstrap,0.99,27.38,2,business,SaaS,0,1,0.0,0
1,10.9,angels,11.13,61.85,9,business,SaaS,0,2,11.0,1
8,6.4,bootstrap,1.5,41.34,11,technical,E-commerce,1,0,0.5,1
2,36.0,seed,102.18,54.39,4,first_time,Fintech,0,2,20.8,0
8,36.0,series_b,330.21,88.12,7,first_time,SaaS,3,4,40.7,1
3,36.0,series_a,155.78,76.48,14,technical,AI,2,3,33.1,1
1,9.6,bootstrap,6.32,57.29,11,business,SaaS,1,1,2.0,0
3,36.0,seed,235.58,52.67,12,business,Fintech,2,3,20.3,1
5,3.7,bootstrap,5.7,24.2,7,business,AI,0,1,0.4,1
4,36.0,series_a,226.51,63.07,8,technical,Healthtech,2,4,34.8,1
7,36.0,angels,50.01,27.77,8,business,AI,0,1,10.8,1
5,3.3,bootstrap,0.1,39.61,7,business,E-commerce,0,1,1.3,0
4,2.6,bootstrap,6.52,38.04,3,first_time,Fintech,0,0,2.9,1
6,3.9,bootstrap,3.21,54.24,1,business,AI,0,0,0.9,0
8,7.5,bootstrap,24.43,50.62,13,business,SaaS,1,1,1.0,0
4,36.0,series_a,173.46,115.96,9,technical,Fintech,1,3,30.4,1
2,36.0,seed,99.24,63.89,8,technical,Healthtech,2,1,24.9,0
4,36.0,series_b,309.67,91.09,9,technical,Healthtech,2,2,43.0,1
7,36.0,bootstrap,30.15,20.0,7,business,SaaS,1,1,2.6,1
2,10.1,angels,11.62,60.45,14,first_time,SaaS,1,1,14.4,0
8,36.0,bootstrap,36.37,36.78,8,first_time,Healthtech,1,1,3.0,0
5,36.0,angels,53.48,59.77,8,business,Healthtech,0,2,11.3,0
5,36.0,bootstrap,18.18,20.0,8,technical,AI,0,1,2.4,0
3,36.0,bootstrap,55.07,40.27,3,technical,SaaS,1,3,2.4,1
8,36.0,angels,258.26,53.08,3,technical,Healthtech,1,2,12.0,1
1,17.1,bootstrap,13.58,37.09,3,technical,Fintech,0,0,3.8,0
3,36.0,angels,42.12,39.75,4,first_time,E-commerce,1,2,10.5,0
4,36.0,seed,89.51,82.84,3,first_time,SaaS,1,3,20.8,1
4,12.5,bootstrap,38.48,65.75,4,business,Fintech,0,2,1.9,0
4,36.0,series_b,193.2,78.34,15,first_time,Fintech,2,4,40.4,1
2,10.7,angels,5.41,60.81,6,technical,Healthtech,2,2,14.9,1
2,36.0,series_a,0.05,36.83,12,business,Healthtech,2,3,32.5,0
1,36.0,seed,87.39,75.03,6,first_time,Fintech,0,4,20.3,0
5,36.0,seed,14.09,36.95,13,first_time,AI,0,2,23.0,1
3,36.0,seed,36.91,57.13,12,business,AI,1,3,23.9,1
5,36.0,series_a,105.12,60.3,13,first_time,SaaS,3,4,32.0,1
5,20.3,seed,13.76,61.77,5,first_time,E-commerce,3,4,22.4,0
6,36.0,bootstrap,47.32,47.58,2,business,E-commerce,0,1,3.5,0
5,36.0,bootstrap,23.92,20.0,5,technical,SaaS,1,2,1.2,0
6,22.2,seed,5.66,59.61,11,business,SaaS,2,3,23.0,0
5,1.9,bootstrap,0.43,27.3,10,first_time,SaaS,0,1,3.2,0
6,5.6,bootstrap,9.59,58.72,11,business,Fintech,0,2,4.0,0
5,4.4,bootstrap,11.1,41.48,15,technical,SaaS,1,0,4.5,1
3,36.0,angels,51.86,32.34,4,business,E-commerce,1,4,14.7,1
2,15.3,bootstrap,4.7,27.93,7,business,Healthtech,0,0,0.6,0
7,36.0,seed,69.5,88.34,8,technical,Fintech,3,1,24.1,1
3,36.0,seed,65.46,75.72,3,first_time,AI,2,2,23.4,0
5,36.0,series_a,74.81,66.23,10,business,Healthtech,0,2,31.9,1
2,36.0,bootstrap,74.29,30.99,1,business,E-commerce,0,0,4.6,1
4,36.0,angels,45.65,46.47,14,technical,AI,2,1,14.3,1
5,12.2,angels,0.1,41.93,2,technical,Fintech,2,3,13.9,0
6,36.0,angels,54.23,24.35,2,first_time,E-commerce,0,2,10.3,1
5,25.6,seed,10.1,54.84,3,business,Fintech,1,2,20.9,1
3,10.2,bootstrap,11.75,55.84,14,technical,AI,0,1,4.6,0
8,36.0,series_b,74.34,89.28,13,technical,Fintech,3,3,44.9,1
5,13.9,bootstrap,13.43,33.45,14,technical,Fintech,1,0,1.4,1
7,23.8,series_a,28.8,82.11,13,technical,SaaS,3,4,31.4,1
6,36.0,angels,82.3,83.27,14,first_time,E-commerce,2,1,13.1,0
5,32.9,bootstrap,24.39,35.13,8,business,E-commerce,1,0,0.4,0
8,36.0,seed,50.47,81.41,1,business,SaaS,3,1,23.0,1
2,36.0,bootstrap,58.49,26.03,7,first_time,AI,0,0,4.8,1
8,36.0,seed,67.28,61.11,4,technical,Fintech,1,2,21.5,0
7,36.0,angels,43.03,50.19,4,business,AI,1,0,13.7,0
5,33.4,bootstrap,11.1,23.39,11,business,AI,1,2,2.6,1
6,10.5,bootstrap,23.27,31.94,3,business,Fintech,0,0,1.4,0
5,28.1,seed,32.74,78.32,5,technical,AI,2,4,22.1,1
3,36.0,bootstrap,29.69,22.99,6,business,SaaS,0,1,2.8,1
7,36.0,series_a,54.59,80.0,1,first_time,Fintech,2,4,33.8,1
2,36.0,seed,54.21,75.63,11,business,Healthtech,2,2,22.7,1
3,36.0,seed,125.35,52.63,12,business,SaaS,2,3,24.6,1
5,6.2,bootstrap,1.32,51.43,9,business,E-commerce,0,1,0.6,0
7,20.2,seed,21.24,66.09,1,technical,SaaS,1,4,24.8,1
4,36.0,series_b,142.3,92.52,12,business,AI,1,4,42.8,1
4,7.6,bootstrap,4.23,20.0,7,first_time,E-commerce,1,1,2.0,0
1,36.0,bootstrap,21.05,29.4,4,technical,Fintech,1,1,0.4,1
1,36.0,bootstrap,37.42,40.57,15,first_time,Healthtech,0,2,1.5,0
1,8.2,angels,12.51,76.18,13,technical,Healthtech,0,1,12.2,0
1,14.8,seed,14.01,73.52,7,first_time,E-commerce,0,2,24.7,0
7,36.0,angels,55.63,66.89,7,business,Healthtech,3,1,13.8,0
7,36.0,angels,21.04,31.86,14,technical,SaaS,3,2,10.3,0
7,4.3,bootstrap,1.08,33.1,3,first_time,Fintech,2,2,1.6,0
1,2.9,bootstrap,10.09,53.31,7,first_time,SaaS,0,0,2.5,0
1,15.0,bootstrap,9.22,21.68,9,business,Healthtech,0,0,4.3,0
3,36.0,series_a,116.73,94.48,6,first_time,SaaS,3,3,33.9,1
5,36.0,seed,236.64,76.0,5,first_time,AI,1,1,21.1,1
3,24.6,angels,31.06,54.12,2,technical,Fintech,2,2,10.3,1
4,36.0,seed,51.6,60.07,5,technical,E-commerce,1,3,20.7,1
2,6.5,bootstrap,11.23,20.21,6,technical,Fintech,1,1,2.5,1
6,3.9,bootstrap,6.75,61.63,13,technical,SaaS,3,0,0.4,1
3,36.0,bootstrap,67.22,44.48,6,business,E-commerce,1,3,1.2,0
1,30.1,series_b,44.86,100.11,3,business,Fintech,1,2,44.1,1
6,36.0,seed,232.35,58.81,13,technical,Healthtech,2,1,22.0,1
8,33.9,seed,36.24,65.57,6,business,Healthtech,1,1,25.0,0
1,36.0,bootstrap,171.7,37.47,14,first_time,Fintech,0,2,3.8,1
4,2.6,bootstrap,9.91,41.0,2,first_time,E-commerce,1,0,1.3,0
7,19.4,seed,16.45,76.02,1,business,SaaS,2,1,20.0,0
6,36.0,angels,229.02,38.26,14,technical,Fintech,1,1,12.6,1
7,36.0,series_b,195.97,73.0,2,business,Fintech,2,4,43.5,1
4,36.0,seed,124.35,66.26,1,business,Fintech,2,3,22.3,1
3,36.0,angels,196.0,23.79,10,first_time,SaaS,2,1,14.5,1
6,36.0,seed,85.24,60.15,5,technical,Fintech,1,3,23.8,1
2,36.0,series_b,45.51,87.36,8,technical,Fintech,1,3,42.6,1
2,36.0,angels,35.64,57.38,7,first_time,Healthtech,1,1,10.1,0
5,11.2,seed,14.16,94.74,5,business,E-commerce,0,3,21.7,0
6,36.0,series_a,110.11,50.83,8,business,Healthtech,3,4,32.5,1
1,7.8,bootstrap,15.94,69.11,4,first_time,SaaS,0,1,1.3,0
5,22.1,series_a,15.66,76.5,4,business,Healthtech,2,3,34.2,0
3,5.2,bootstrap,16.29,40.22,4,first_time,SaaS,1,1,2.1,0
5,36.0,seed,23.61,43.78,2,business,Fintech,1,2,21.0,1
8,36.0,seed,133.63,79.95,8,first_time,Healthtech,2,2,23.9,0
1,36.0,seed,52.34,65.62,9,business,AI,0,3,23.0,1
8,36.0,angels,65.89,49.08,1,technical,E-commerce,1,2,11.0,1
4,36.0,seed,81.08,35.94,7,first_time,SaaS,2,3,22.7,1
7,3.1,bootstrap,6.93,36.11,12,first_time,E-commerce,3,0,3.5,0
4,36.0,bootstrap,60.07,47.69,1,technical,AI,0,2,2.2,1
3,10.5,bootstrap,4.66,31.46,5,technical,SaaS,1,0,1.5,1
7,18.1,angels,20.29,67.61,15,technical,SaaS,1,4,13.4,0
6,8.2,angels,1.55,66.99,7,first_time,Fintech,2,0,13.4,0
2,36.0,bootstrap,28.74,25.38,1,first_time,SaaS,0,1,0.1,0
6,15.6,series_a,18.35,103.93,8,technical,Healthtech,3,4,31.2,1
7,36.0,angels,80.63,50.68,7,business,E-commerce,3,3,13.2,1
4,34.7,angels,25.08,50.75,4,technical,E-commerce,1,3,11.1,0
8,17.5,angels,22.63,51.48,2,first_time,Fintech,2,0,14.8,0
6,4.1,bootstrap,1.99,36.04,14,first_time,E-commerce,1,0,0.8,0
3,36.0,seed,173.76,25.55,13,first_time,SaaS,2,2,23.7,1
1,36.0,angels,213.49,47.22,11,first_time,SaaS,0,1,15.0,1
6,14.8,bootstrap,9.88,20.0,1,technical,AI,0,0,1.7,0
2,32.6,series_b,59.59,119.4,14,technical,Healthtech,1,2,43.0,0
7,36.0,series_a,107.37,103.79,8,business,E-commerce,2,3,30.5,1
5,36.0,seed,62.67,77.78,8,first_time,Fintech,1,4,23.1,1
4,36.0,series_a,310.4,76.42,14,first_time,E-commerce,1,3,34.9,1
2,36.0,series_a,103.17,64.88,7,first_time,AI,3,4,34.9,1
6,36.0,bootstrap,92.23,25.14,4,technical,E-commerce,2,1,2.1,1
2,36.0,seed,176.64,94.14,4,technical,Fintech,1,4,24.1,0
4,36.0,seed,48.97,54.62,14,business,SaaS,1,3,24.1,1
7,36.0,bootstrap,15.23,20.0,9,technical,AI,0,0,1.6,0
8,21.7,bootstrap,39.55,50.45,9,technical,E-commerce,2,3,4.1,0
8,30.7,bootstrap,47.92,57.51,9,technical,SaaS,1,0,0.8,0
8,36.0,seed,68.47,89.89,4,first_time,E-commerce,3,2,24.9,1
5,11.1,seed,1.22,80.58,7,technical,Fintech,2,2,24.3,1
2,36.0,seed,98.81,83.02,15,technical,AI,2,2,22.6,0
7,36.0,bootstrap,48.45,35.79,3,business,Healthtech,0,0,1.9,0
7,24.0,bootstrap,4.35,20.0,15,business,AI,2,2,4.7,1
8,36.0,angels,92.95,50.42,5,technical,Healthtech,1,3,10.4,0
6,18.1,angels,26.39,59.32,5,business,AI,2,1,12.5,0
2,36.0,series_a,43.8,77.97,1,business,AI,0,4,32.4,0
5,36.0,series_a,94.94,77.29,10,technical,Healthtech,1,2,31.9,1
4,36.0,series_a,168.3,65.54,5,technical,Healthtech,2,3,30.6,1
7,36.0,series_a,58.89,64.97,7,first_time,AI,3,2,31.3,0
4,36.0,series_b,83.77,122.57,9,technical,AI,2,2,44.9,1
3,28.1,angels,52.86,78.12,10,first_time,E-commerce,0,1,14.0,1
1,36.0,bootstrap,89.73,34.96,15,business,AI,0,0,4.2,0
7,14.5,bootstrap,9.69,39.22,9,first_time,Fintech,2,0,2.5,0
7,33.3,angels,12.53,35.29,3,technical,E-commerce,2,2,13.3,0
1,2.6,bootstrap,24.93,44.64,11,technical,SaaS,1,1,2.5,0
4,6.8,bootstrap,16.53,61.39,1,business,AI,1,1,3.4,1
4,36.0,series_b,66.0,72.06,13,business,E-commerce,1,3,44.3,1
4,26.0,bootstrap,39.77,41.96,5,business,Fintech,1,1,1.2,0
8,36.0,series_b,141.77,103.09,11,first_time,Healthtech,3,4,44.8,1
2,16.7,seed,16.4,72.91,3,business,Healthtech,2,3,24.6,0
3,36.0,seed,330.29,89.64,7,technical,Fintech,2,4,22.1,0
2,36.0,seed,133.57,95.54,11,first_time,Fintech,1,4,24.9,1
2,5.2,bootstrap,3.53,31.5,10,business,SaaS,1,0,4.4,0
8,36.0,seed,131.99,75.1,1,first_time,Fintech,3,1,20.2,1
8,36.0,bootstrap,64.52,36.26,1,first_time,AI,0,0,0.2,0
1,36.0,series_b,208.2,85.52,15,technical,Healthtech,2,4,43.5,1
6,15.2,bootstrap,20.43,39.06,8,business,Healthtech,1,1,3.9,0
2,13.2,bootstrap,8.55,45.07,13,business,Healthtech,0,1,1.2,0
2,36.0,seed,204.35,68.25,2,business,Healthtech,0,2,22.5,1
3,36.0,seed,130.49,51.78,8,technical,SaaS,3,3,22.7,1
2,36.0,angels,122.5,43.05,9,first_time,E-commerce,1,1,12.2,1
4,36.0,seed,46.96,58.16,14,business,E-commerce,2,3,20.3,0
8,6.5,bootstrap,3.6,22.36,11,first_time,E-commerce,1,0,1.1,1
5,31.0,seed,33.83,69.7,10,technical,AI,3,3,24.1,1
6,36.0,bootstrap,40.21,41.27,5,technical,AI,2,1,0.4,1
4,12.5,bootstrap,19.33,49.69,15,technical,SaaS,0,2,3.1,0
1,14.1,bootstrap,15.52,22.14,5,first_time,Healthtech,0,0,3.2,0
1,36.0,bootstrap,20.75,26.34,5,first_time,Fintech,2,0,4.8,0
3,36.0,bootstrap,81.04,58.32,11,business,AI,0,2,4.9,1
2,36.0,angels,37.77,47.53,15,business,AI,1,2,14.7,0
7,36.0,bootstrap,48.13,35.45,13,technical,SaaS,2,1,2.7,0
7,6.3,bootstrap,3.6,32.37,3,technical,E-commerce,0,2,0.2,0
7,24.2,angels,32.76,67.0,13,business,SaaS,1,2,11.4,0
6,5.1,bootstrap,0.48,52.58,6,first_time,Healthtech,1,1,2.4,0
5,16.3,seed,11.24,81.7,4,first_time,AI,3,3,20.2,0
6,35.6,series_b,37.95,95.4,15,business,Fintech,3,2,40.2,1
4,36.0,angels,45.08,36.91,15,first_time,Healthtech,1,2,11.6,0
6,36.0,series_a,343.36,108.88,6,first_time,SaaS,2,4,31.9,1
7,36.0,bootstrap,40.42,47.84,1,first_time,AI,3,1,2.9,1
7,10.9,bootstrap,0.07,28.15,4,first_time,Fintech,2,0,4.7,0
5,14.2,seed,17.1,86.36,9,business,Healthtech,2,2,22.0,1
1,36.0,seed,211.32,56.97,1,technical,Healthtech,3,4,20.2,1
6,36.0,series_a,500.0,101.16,4,technical,E-commerce,2,3,32.7,1
3,3.6,bootstrap,36.67,57.17,3,technical,Fintech,0,1,1.8,1
6,36.0,seed,158.11,51.18,15,business,E-commerce,3,2,24.5,1
5,36.0,angels,60.15,58.73,6,technical,E-commerce,1,2,12.2,1
8,33.4,bootstrap,35.27,46.73,6,first_time,Fintech,0,0,1.6,0
3,8.0,bootstrap,49.34,74.22,7,first_time,Fintech,0,0,3.6,1
8,36.0,series_b,69.13,83.87,1,technical,E-commerce,3,3,42.5,1
7,1.4,bootstrap,8.64,56.49,9,technical,Fintech,3,1,2.8,1
3,36.0,series_a,48.34,80.26,14,technical,SaaS,2,2,30.8,1
4,36.0,seed,175.69,46.38,13,business,E-commerce,1,3,21.9,1
5,23.8,seed,22.37,63.2,4,first_time,Fintech,0,2,20.2,0
7,36.0,seed,255.41,65.04,1,technical,E-commerce,2,1,23.8,1
6,36.0,series_a,51.68,64.12,12,first_time,AI,3,3,31.2,1
7,11.1,bootstrap,1.44,39.68,13,first_time,Fintech,0,0,0.6,0
3,36.0,bootstrap,69.48,49.37,14,technical,Fintech,1,1,2.9,1
5,36.0,angels,87.97,53.57,9,first_time,SaaS,1,3,12.9,1
4,36.0,angels,137.18,41.87,8,first_time,Fintech,1,1,11.6,1
8,10.7,bootstrap,19.02,32.77,12,technical,E-commerce,2,0,4.8,1
3,14.3,bootstrap,12.14,34.93,11,technical,Healthtech,1,1,3.2,1
5,36.0,bootstrap,47.55,38.26,12,technical,Healthtech,2,0,4.6,0
1,9.3,bootstrap,23.4,51.65,5,first_time,Healthtech,0,1,1.5,0
7,6.4,bootstrap,13.34,39.08,14,first_time,Healthtech,2,3,2.8,1
4,36.0,series_a,75.45,58.96,1,technical,Healthtech,3,2,32.1,1
3,25.9,bootstrap,15.02,26.57,2,first_time,Healthtech,0,1,2.1,0
5,17.9,series_b,0.16,97.49,10,first_time,Healthtech,3,2,40.2,1
4,36.0,series_b,59.74,111.86,9,business,E-commerce,2,3,41.1,1
7,19.5,bootstrap,32.87,54.47,9,business,AI,1,2,4.3,0
5,10.7,seed,1.38,91.62,14,technical,SaaS,1,1,24.2,0
5,36.0,seed,55.14,66.96,14,business,AI,2,1,20.5,1
1,36.0,seed,63.27,76.45,11,technical,AI,1,3,20.1,0
1,9.8,bootstrap,1.51,20.0,3,business,E-commerce,0,0,0.5,0
4,22.6,bootstrap,31.54,41.45,2,technical,SaaS,2,0,3.2,0
8,36.0,bootstrap,87.34,20.0,3,business,Healthtech,1,1,1.2,1
8,36.0,seed,233.16,64.06,10,technical,Healthtech,2,1,23.8,1
6,16.9,series_b,28.21,140.45,11,technical,AI,3,1,40.0,1
6,20.6,seed,8.8,69.55,12,technical,SaaS,2,1,23.6,0
4,36.0,seed,121.13,52.04,2,business,AI,2,1,24.4,1
2,36.0,series_b,500.0,101.12,5,business,Fintech,1,3,40.2,1
1,18.5,seed,2.54,57.24,6,business,AI,1,3,24.3,1
3,12.0,bootstrap,10.91,20.59,10,first_time,Healthtech,2,1,4.6,0
3,19.1,series_a,23.7,111.55,1,first_time,AI,2,4,32.7,1
2,18.4,angels,24.09,66.0,13,technical,SaaS,2,2,11.4,1
3,36.0,bootstrap,37.61,40.18,2,first_time,Fintech,1,1,2.8,0
1,19.3,angels,3.27,44.12,8,business,E-commerce,1,1,11.6,0
5,36.0,series_b,117.84,90.34,14,business,Healthtech,2,3,44.7,1
8,2.1,bootstrap,2.92,58.14,3,business,Fintech,2,1,2.7,0
6,11.9,angels,0.48,54.6,11,technical,Fintech,2,2,14.0,0
4,26.4,bootstrap,3.96,20.0,9,first_time,Healthtech,1,2,3.0,1
4,2.8,bootstrap,1.14,71.31,13,technical,Healthtech,0,0,1.4,1
3,11.0,bootstrap,32.83,37.75,9,technical,SaaS,1,1,2.5,1
2,27.3,seed,28.18,70.15,13,technical,AI,1,3,24.4,1
5,31.8,series_a,54.14,96.3,7,technical,AI,2,4,31.9,1
5,9.3,bootstrap,10.36,41.98,3,business,Healthtech,1,1,1.7,0
1,1.5,bootstrap,8.71,46.2,11,business,SaaS,0,1,4.8,0
4,36.0,bootstrap,60.54,28.64,15,technical,E-commerce,0,2,1.7,1
3,36.0,bootstrap,19.39,20.0,7,technical,AI,0,0,4.3,1
2,36.0,angels,40.04,54.2,13,first_time,AI,1,2,10.9,1
6,36.0,seed,70.76,86.47,14,business,Healthtech,2,1,24.0,1
5,20.2,seed,12.32,55.28,10,business,E-commerce,3,1,23.1,1
6,36.0,angels,31.53,39.08,12,first_time,Healthtech,1,1,10.6,0
6,36.0,angels,58.5,68.32,9,first_time,AI,1,1,10.3,0
8,36.0,bootstrap,30.31,28.14,13,first_time,AI,1,1,1.5,1
7,25.9,bootstrap,10.77,28.84,6,technical,E-commerce,1,2,3.3,1
5,27.7,series_b,16.66,89.4,8,business,SaaS,2,4,41.8,1
8,36.0,seed,47.36,64.03,2,business,SaaS,2,2,21.4,0
4,36.0,series_b,320.78,71.4,3,first_time,E-commerce,1,1,42.9,1
8,36.0,series_a,126.63,71.91,9,business,Fintech,3,3,34.8,1
7,31.2,seed,33.97,68.46,11,technical,Fintech,3,2,20.6,1
6,36.0,series_b,500.0,98.35,1,technical,Healthtech,3,1,43.2,1
8,36.0,angels,54.43,67.37,2,technical,E-commerce,2,1,14.6,0
5,36.0,bootstrap,110.81,62.59,1,first_time,Fintech,0,0,2.7,0
6,11.9,bootstrap,18.02,57.69,8,business,AI,0,0,4.8,1
3,8.4,bootstrap,5.17,48.72,6,business,AI,1,1,3.0,0
8,7.4,bootstrap,9.76,32.77,1,technical,AI,1,0,3.4,0
5,36.0,angels,95.44,40.65,12,technical,Fintech,1,1,14.0,0
7,36.0,seed,72.92,65.27,8,technical,SaaS,2,3,21.0,1
4,18.6,seed,15.66,73.78,1,first_time,SaaS,2,2,22.8,0
7,36.0,angels,126.53,62.33,11,business,Fintech,2,3,13.1,0
1,12.9,bootstrap,8.25,44.35,14,technical,Healthtech,0,1,0.6,0
1,36.0,seed,164.57,63.18,7,first_time,E-commerce,1,2,22.3,1
5,10.2,angels,2.76,61.8,15,business,Fintech,0,3,13.9,0
6,20.0,bootstrap,36.59,53.91,7,first_time,Healthtech,0,1,0.2,0
7,9.5,bootstrap,1.15,48.2,2,first_time,SaaS,1,1,2.1,0
4,14.2,bootstrap,27.37,34.52,2,business,Healthtech,0,0,0.7,0
6,15.1,bootstrap,12.91,22.49,2,business,AI,0,1,0.9,0
5,36.0,series_a,287.36,67.14,5,business,Healthtech,2,4,32.6,1
8,36.0,seed,49.12,54.78,6,first_time,Healthtech,2,2,20.1,0
6,36.0,seed,211.94,68.86,7,technical,Healthtech,3,1,22.1,1
4,9.2,bootstrap,19.98,42.8,8,business,E-commerce,1,0,0.1,1
8,28.9,series_a,8.16,58.78,13,technical,Healthtech,1,4,34.6,1
1,33.2,seed,22.72,57.44,1,technical,E-commerce,0,1,24.4,0
8,13.8,bootstrap,16.75,38.65,14,business,Healthtech,2,3,1.1,0
2,36.0,seed,251.71,51.5,4,first_time,SaaS,0,2,20.3,1
3,11.8,angels,16.17,56.51,15,first_time,E-commerce,2,1,11.3,0
7,36.0,angels,116.21,45.39,3,technical,Healthtech,3,2,10.1,1
6,36.0,bootstrap,31.52,24.15,2,first_time,SaaS,1,0,3.7,0
8,36.0,angels,100.45,50.8,2,business,SaaS,0,2,12.9,0
6,3.3,bootstrap,19.76,40.88,5,business,Fintech,1,1,2.7,1
6,7.2,bootstrap,7.34,22.27,15,technical,Healthtech,0,1,4.3,1
3,6.0,bootstrap,9.5,31.36,7,technical,SaaS,1,0,4.0,0
1,36.0,series_b,111.31,102.02,3,business,AI,1,2,42.0,1
1,36.0,bootstrap,45.27,23.57,10,technical,SaaS,0,0,3.1,0
3,36.0,angels,54.86,25.13,8,business,E-commerce,0,0,12.2,1
1,36.0,bootstrap,68.73,20.0,11,business,Fintech,0,2,3.1,1
5,20.4,series_a,0.88,73.73,12,technical,Healthtech,1,3,30.8,0
7,27.6,angels,5.25,30.22,12,technical,SaaS,3,2,11.5,1
8,36.0,series_a,78.2,74.78,3,first_time,Fintech,3,4,31.3,1
4,7.9,bootstrap,8.06,59.97,8,business,Fintech,0,0,0.8,0
8,36.0,bootstrap,37.33,20.0,10,technical,E-commerce,0,0,2.1,0
8,36.0,angels,31.29,45.76,9,first_time,AI,2,2,13.6,1
7,6.2,bootstrap,51.95,66.98,15,business,Healthtech,1,0,2.0,0
4,36.0,series_a,164.8,86.12,15,first_time,E-commerce,3,1,34.9,0
3,36.0,series_a,299.25,74.48,13,technical,AI,3,3,31.5,1
8,12.6,angels,7.34,47.65,4,first_time,Healthtech,3,3,14.7,1
2,36.0,series_b,71.81,101.44,8,business,Healthtech,3,2,41.0,1
4,12.5,angels,9.46,75.44,13,first_time,Fintech,0,2,11.6,0
1,36.0,bootstrap,33.55,27.04,5,technical,AI,0,1,0.8,0
7,26.9,angels,11.78,38.64,11,first_time,E-commerce,3,3,11.2,0
6,36.0,bootstrap,19.94,20.0,4,business,AI,1,1,0.8,1
1,36.0,series_a,153.85,81.55,3,technical,E-commerce,1,4,33.1,1
2,36.0,bootstrap,21.98,20.0,4,business,Healthtech,1,1,1.0,1
5,36.0,bootstrap,29.0,28.04,14,first_time,E-commerce,1,0,0.4,0
5,25.6,angels,3.09,36.37,15,technical,Fintech,3,2,11.3,1
7,7.2,bootstrap,18.09,51.11,13,first_time,AI,1,3,3.4,0
3,11.3,bootstrap,11.1,27.37,5,business,Healthtech,0,1,2.1,1
8,31.9,seed,34.84,70.95,12,first_time,Fintech,3,3,20.8,0
4,36.0,bootstrap,27.14,20.0,4,technical,SaaS,0,0,0.3,0
7,36.0,angels,78.5,51.97,2,first_time,SaaS,0,1,13.6,0
2,18.7,bootstrap,8.88,20.0,4,technical,Fintech,0,0,3.5,0
1,36.0,bootstrap,35.75,28.62,3,first_time,Healthtech,0,1,2.3,1
1,10.9,bootstrap,39.06,68.17,10,technical,SaaS,1,1,2.6,1
3,19.0,seed,11.46,78.98,11,first_time,Healthtech,2,2,21.2,1
8,36.0,series_b,459.19,93.07,1,first_time,Healthtech,3,3,42.4,1
1,13.4,bootstrap,45.75,82.98,2,first_time,Healthtech,1,1,3.6,0
3,36.0,series_b,361.28,81.27,8,technical,Fintech,2,4,43.9,1
1,24.6,angels,34.62,67.48,2,technical,Healthtech,0,2,11.7,0
8,36.0,seed,25.67,42.01,13,business,Fintech,2,3,23.4,1
6,20.3,seed,4.17,61.34,7,business,E-commerce,1,3,22.4,1
7,36.0,seed,149.86,44.78,7,first_time,E-commerce,1,2,23.7,1
6,36.0,series_a,425.18,83.86,1,first_time,SaaS,3,4,33.5,1
6,36.0,angels,50.26,50.84,11,business,AI,2,1,13.8,1
7,36.0,angels,34.35,45.39,11,business,E-commerce,2,2,10.8,1
1,22.2,bootstrap,28.93,51.38,12,technical,SaaS,0,0,1.6,0
7,9.1,bootstrap,2.55,26.49,9,first_time,E-commerce,1,1,1.3,0
6,18.9,seed,21.05,69.9,5,first_time,AI,3,4,22.2,1
6,6.8,bootstrap,22.28,47.31,2,business,Fintech,1,2,2.3,0
4,36.0,bootstrap,18.74,20.0,5,first_time,Fintech,2,1,3.3,1
7,36.0,bootstrap,76.34,23.77,9,business,E-commerce,3,0,2.8,1
4,9.8,bootstrap,20.15,35.81,2,technical,SaaS,0,0,2.9,0
1,29.2,seed,33.78,74.45,1,technical,AI,0,1,23.2,0
8,19.5,seed,40.6,86.32,4,business,Healthtech,3,2,21.4,0
2,36.0,angels,54.71,46.76,2,technical,AI,1,2,11.1,1
1,9.1,bootstrap,3.83,30.25,1,first_time,SaaS,0,2,1.1,1
5,32.0,angels,21.07,36.91,8,technical,E-commerce,1,1,13.9,0
2,20.0,angels,18.21,54.95,12,technical,SaaS,0,2,10.5,1
7,36.0,seed,224.12,60.54,8,first_time,SaaS,3,2,21.6,1
4,26.9,angels,21.82,45.89,2,technical,AI,2,3,11.4,1
1,25.9,angels,17.29,48.59,6,business,SaaS,1,1,13.0,0
8,14.0,angels,9.67,58.27,1,technical,E-commerce,3,3,14.6,1
5,36.0,series_b,84.24,86.54,10,first_time,E-commerce,3,3,44.4,0
3,25.4,seed,3.02,53.42,4,technical,E-commerce,1,1,20.5,1
6,36.0,angels,55.9,56.48,6,technical,Fintech,0,0,12.7,0
5,36.0,angels,62.61,20.0,14,technical,AI,0,1,10.2,1
1,20.8,bootstrap,3.11,25.94,9,first_time,Fintech,0,0,4.0,0
7,27.0,series_b,3.81,77.73,12,first_time,Fintech,3,2,41.9,1
4,2.3,bootstrap,10.89,53.05,6,business,AI,0,0,1.1,0
6,36.0,bootstrap,92.22,28.39,14,business,Healthtech,1,1,2.4,0
8,36.0,series_b,291.31,86.59,11,first_time,SaaS,3,4,42.2,1
5,36.0,seed,116.63,64.27,8,technical,Healthtech,2,3,24.7,1
6,36.0,bootstrap,46.64,26.07,9,business,AI,2,0,0.2,0
3,36.0,bootstrap,55.55,28.96,10,business,Healthtech,0,1,4.7,0
2,10.8,bootstrap,10.72,36.46,3,first_time,AI,1,0,1.2,1
4,36.0,angels,35.08,43.67,4,technical,Healthtech,1,2,10.7,1
7,36.0,bootstrap,33.53,28.56,11,business,E-commerce,1,1,3.7,1
5,36.0,series_b,43.05,79.85,7,first_time,Fintech,3,1,42.6,0
3,36.0,series_b,350.85,77.69,12,technical,Fintech,2,3,44.5,1
7,36.0,angels,54.43,50.91,8,first_time,SaaS,2,2,12.7,0
7,36.0,seed,73.47,69.6,1,business,SaaS,1,2,22.5,0
8,36.0,bootstrap,11.81,20.0,10,business,SaaS,1,0,1.0,0
3,8.4,bootstrap,2.6,46.4,10,first_time,AI,1,1,4.7,0
6,36.0,seed,96.6,76.46,6,technical,Fintech,3,1,23.3,0
5,14.8,bootstrap,34.76,49.62,12,first_time,SaaS,0,0,3.0,0
4,36.0,bootstrap,62.19,39.5,6,technical,Healthtech,1,0,4.0,0
4,16.5,bootstrap,23.78,44.56,2,technical,Healthtech,0,1,0.5,0
1,9.2,bootstrap,29.17,67.78,2,first_time,Healthtech,0,2,4.3,0
3,36.0,angels,69.74,45.48,14,business,SaaS,1,1,12.5,0
5,36.0,seed,76.48,49.31,6,first_time,SaaS,1,1,24.0,1
8,36.0,series_a,49.44,56.99,7,business,Fintech,2,4,33.6,0
7,36.0,seed,70.17,91.34,5,business,Fintech,3,3,22.3,1
2,20.4,series_a,23.85,106.53,12,business,Fintech,0,2,33.8,1
6,19.0,angels,11.0,36.13,10,technical,SaaS,1,1,13.6,1
1,36.0,series_a,332.72,69.09,14,business,AI,1,3,30.0,1
6,22.1,angels,12.26,45.14,14,technical,Fintech,1,3,13.5,0
3,12.7,bootstrap,17.02,53.36,15,business,AI,0,0,2.5,0
4,36.0,series_b,89.41,75.69,5,business,SaaS,3,4,44.2,1
6,36.0,bootstrap,21.61,20.0,9,first_time,SaaS,1,2,4.0,0
4,36.0,bootstrap,101.22,67.51,6,first_time,AI,0,1,0.9,0
7,9.0,bootstrap,8.01,39.69,11,business,AI,1,2,0.1,0
5,11.2,angels,2.24,56.82,12,business,SaaS,1,3,11.0,1
8,20.6,angels,25.04,46.92,4,business,Fintech,3,2,13.7,0
6,18.1,angels,25.81,56.99,13,technical,E-commerce,2,1,14.4,1
3,36.0,series_a,16.52,57.29,5,first_time,AI,2,3,33.5,1
7,8.0,bootstrap,0.65,22.39,15,business,SaaS,0,0,4.1,0
4,24.0,angels,18.76,51.58,13,technical,E-commerce,2,1,12.9,1
5,36.0,bootstrap,24.24,20.0,1,business,AI,1,2,2.5,0
2,19.1,series_a,2.78,75.46,6,first_time,SaaS,1,1,34.9,0
1,31.6,bootstrap,13.85,29.54,6,business,SaaS,0,2,0.4,1
5,5.0,bootstrap,16.29,30.46,13,first_time,SaaS,1,2,2.1,0
2,36.0,angels,122.45,41.73,11,first_time,E-commerce,2,0,11.4,1
8,36.0,seed,198.08,50.06,1,technical,SaaS,1,2,20.6,0
7,36.0,seed,126.65,37.67,13,business,Fintech,2,3,23.0,1
6,22.0,angels,27.37,52.17,4,technical,Fintech,1,2,11.3,0
6,31.9,seed,24.08,60.5,6,technical,Healthtech,2,1,22.3,0
5,36.0,angels,22.35,29.37,3,first_time,Fintech,0,3,10.7,0
1,20.3,bootstrap,15.71,35.94,3,technical,Healthtech,0,2,1.9,1
4,36.0,bootstrap,34.04,30.58,8,technical,Fintech,2,0,1.0,0
4,26.0,bootstrap,24.41,28.08,2,first_time,AI,0,1,4.5,1
8,9.3,bootstrap,0.67,20.0,2,first_time,SaaS,3,0,2.6,0
2,36.0,angels,46.28,60.24,12,technical,Fintech,1,2,14.0,1
4,36.0,angels,92.73,31.5,6,technical,Fintech,0,1,12.4,1
3,36.0,angels,141.55,50.95,10,first_time,Fintech,2,2,10.2,1
2,13.3,angels,3.98,37.88,15,business,AI,1,1,13.5,0
1,36.0,seed,467.26,59.17,1,technical,Fintech,1,2,20.2,1
3,36.0,seed,67.87,82.28,12,technical,E-commerce,1,1,22.0,1
1,8.3,bootstrap,2.01,42.97,2,technical,Fintech,0,0,2.7,0
1,4.2,bootstrap,36.23,51.95,12,business,Healthtech,0,1,3.9,1
3,36.0,angels,115.44,54.96,5,first_time,SaaS,1,3,14.5,0
2,17.3,angels,20.82,55.94,3,business,AI,2,3,11.0,1
5,28.3,bootstrap,7.28,20.0,4,technical,E-commerce,1,0,3.3,0
1,19.1,bootstrap,11.88,30.24,6,technical,E-commerce,1,1,2.4,0
3,36.0,seed,83.91,61.63,11,business,Fintech,2,3,23.8,1
4,18.0,seed,30.65,83.35,11,first_time,AI,0,3,24.7,1
8,14.7,bootstrap,3.16,27.41,11,business,E-commerce,2,0,2.7,0
6,17.4,angels,27.47,53.97,1,first_time,AI,2,2,11.4,0
8,32.9,series_a,37.76,83.39,15,business,E-commerce,3,4,34.0,1
3,8.1,bootstrap,22.53,52.37,7,business,AI,0,1,2.6,0
4,36.0,series_a,197.84,77.99,2,business,E-commerce,1,4,34.4,1
4,8.7,bootstrap,14.64,47.42,14,business,E-commerce,3,0,2.8,1
8,36.0,angels,133.78,24.43,12,business,Fintech,0,2,14.7,0
8,36.0,angels,61.62,25.79,2,first_time,Fintech,2,1,10.1,1
8,36.0,bootstrap,18.19,20.0,7,technical,AI,2,0,3.7,1
7,36.0,series_a,142.84,91.79,14,business,Healthtech,3,4,31.7,1
5,36.0,angels,98.67,60.11,11,business,Fintech,2,1,13.3,1
5,36.0,series_b,151.53,108.45,3,business,Healthtech,2,3,44.7,0
8,14.7,bootstrap,2.8,24.84,11,first_time,Healthtech,3,1,3.3,1
3,23.3,series_a,3.39,71.55,3,business,SaaS,0,3,33.7,1
3,36.0,series_b,237.17,93.18,6,business,Fintech,2,4,40.8,1
8,8.3,angels,6.44,71.66,3,technical,Fintech,0,1,10.9,0
4,3.7,bootstrap,21.78,60.41,11,business,SaaS,1,2,2.9,1
2,14.5,seed,8.73,76.91,14,business,AI,0,3,22.2,0
5,36.0,angels,141.78,54.97,1,first_time,SaaS,0,1,10.6,1
3,32.0,series_b,57.74,115.03,10,business,Healthtech,2,4,43.6,1
8,36.0,angels,57.88,46.16,4,technical,SaaS,3,2,13.5,0
8,18.2,bootstrap,8.02,29.14,12,business,Fintech,1,1,0.5,1
3,5.5,bootstrap,20.85,33.06,3,business,E-commerce,1,0,0.2,0
5,22.5,seed,1.52,50.32,6,first_time,SaaS,3,4,21.9,1
8,36.0,series_b,44.22,92.37,4,business,Healthtech,3,3,43.2,1
6,36.0,bootstrap,37.98,20.0,14,technical,AI,2,0,4.5,1
2,30.8,seed,42.12,80.38,2,business,E-commerce,0,3,22.2,0
5,36.0,series_b,92.97,103.16,9,technical,Healthtech,2,2,40.4,0
5,17.7,bootstrap,37.43,56.44,2,business,E-commerce,0,0,4.2,0
6,24.1,bootstrap,8.11,20.0,9,technical,Healthtech,2,0,0.6,1
1,10.3,seed,5.25,93.53,12,business,SaaS,1,2,23.2,0
3,36.0,seed,41.67,41.41,12,technical,SaaS,2,2,22.1,1
7,36.0,bootstrap,28.85,20.0,1,business,Healthtech,2,1,4.5,0
2,36.0,series_a,99.89,70.69,12,business,SaaS,3,3,33.5,1
3,36.0,angels,95.29,69.62,5,business,Healthtech,1,1,10.0,0
3,36.0,series_a,347.54,83.38,11,business,Fintech,2,3,31.9,1
2,36.0,series_a,218.01,76.34,15,technical,Healthtech,0,4,30.9,1
2,34.9,series_a,27.27,68.11,2,first_time,Fintech,2,4,31.4,0
3,36.0,angels,84.83,29.36,6,technical,SaaS,1,1,12.0,1
7,10.4,bootstrap,29.35,51.99,14,technical,AI,2,1,2.7,0
1,27.2,angels,39.73,61.98,3,technical,E-commerce,0,1,14.0,0
3,1.1,bootstrap,8.28,55.29,4,business,Healthtech,1,1,0.4,1
1,36.0,seed,121.56,70.95,9,technical,Fintech,1,2,22.2,0
5,16.2,bootstrap,12.9,20.0,15,first_time,AI,1,3,4.3,0
3,21.6,angels,0.08,31.33,5,business,E-commerce,1,2,12.2,0
7,36.0,bootstrap,33.76,41.97,6,technical,AI,1,1,2.6,1
5,15.8,bootstrap,9.08,29.45,12,technical,SaaS,1,0,3.9,1
7,36.0,bootstrap,51.99,26.62,2,business,AI,1,1,3.6,0
6,36.0,seed,172.98,48.45,5,business,Healthtech,1,2,22.5,1
4,17.7,seed,11.78,79.21,5,technical,Fintech,2,1,24.8,0
7,36.0,bootstrap,45.41,41.84,7,technical,SaaS,1,2,0.2,1
4,36.0,series_a,50.83,87.52,9,technical,SaaS,2,4,30.3,1
8,36.0,series_a,38.64,70.5,4,business,Fintech,2,2,32.1,1
8,15.6,bootstrap,16.92,37.64,6,technical,Healthtech,2,1,0.8,0
5,36.0,seed,23.94,44.93,14,business,SaaS,3,2,21.1,0
6,27.1,angels,18.53,48.05,13,business,SaaS,1,1,10.8,0
3,36.0,bootstrap,23.04,20.0,15,technical,Fintech,0,0,3.5,0
7,36.0,angels,32.18,26.48,11,business,SaaS,1,2,12.1,1
6,36.0,bootstrap,55.71,30.17,9,first_time,Fintech,0,0,4.2,0
8,36.0,series_a,119.09,115.63,4,technical,SaaS,2,3,31.3,1
3,36.0,series_b,226.54,67.99,3,business,Healthtech,2,4,43.1,1
7,36.0,series_a,50.45,61.35,9,first_time,SaaS,2,4,31.1,0
4,36.0,angels,78.46,53.25,7,business,AI,3,2,10.1,1
2,36.0,angels,80.63,76.54,12,first_time,E-commerce,1,2,13.4,0
2,36.0,series_b,284.35,98.03,1,technical,Healthtech,1,2,40.7,1
5,13.9,bootstrap,10.17,45.53,14,technical,E-commerce,1,1,3.5,0
3,5.7,bootstrap,1.98,29.94,3,first_time,AI,1,1,3.5,0
1,36.0,angels,41.77,42.34,6,technical,E-commerce,0,3,13.3,1
4,11.8,bootstrap,0.71,36.23,6,technical,SaaS,0,1,3.0,0
6,36.0,bootstrap,70.74,25.13,14,technical,E-commerce,3,1,4.4,1
3,7.6,bootstrap,1.94,45.86,11,first_time,Healthtech,0,2,0.4,1
8,36.0,angels,39.37,25.91,1,first_time,E-commerce,0,2,14.7,1
7,36.0,bootstrap,45.62,48.35,13,technical,AI,1,1,0.3,0
5,5.2,bootstrap,11.64,35.59,11,first_time,SaaS,1,1,2.5,0
8,36.0,bootstrap,40.04,31.78,2,business,Healthtech,3,1,4.6,1
4,36.0,angels,64.59,25.36,12,technical,SaaS,1,2,11.3,1
2,33.1,series_a,17.44,65.3,1,business,E-commerce,2,3,34.2,0
1,18.2,bootstrap,32.15,52.98,7,first_time,Healthtech,0,1,3.0,0
8,36.0,seed,47.96,61.87,3,technical,AI,3,3,24.3,0
8,30.2,seed,34.98,69.18,1,business,AI,3,3,20.2,1
6,36.0,bootstrap,30.2,21.81,9,first_time,Healthtech,1,1,2.8,1
1,36.0,series_a,246.52,79.56,11,business,Fintech,1,4,30.9,1
3,36.0,seed,171.31,44.42,8,business,Fintech,1,3,20.1,1
1,36.0,angels,82.64,51.5,6,technical,E-commerce,0,1,13.4,1
1,36.0,bootstrap,27.91,40.56,8,first_time,AI,1,0,3.7,0
2,18.8,bootstrap,29.95,39.81,3,business,SaaS,1,2,3.7,0
5,36.0,series_b,170.85,81.45,1,first_time,Fintech,3,3,43.6,1
1,36.0,seed,60.65,59.87,3,first_time,AI,3,2,24.0,1
8,36.0,series_b,157.29,103.06,1,first_time,Fintech,3,4,42.3,1
4,21.5,series_a,15.34,76.83,12,business,SaaS,2,4,31.7,0
3,36.0,bootstrap,47.89,30.69,10,business,SaaS,0,0,3.9,1
5,17.4,seed,24.37,93.55,3,first_time,AI,1,4,23.3,0
7,36.0,angels,28.87,35.74,9,first_time,Healthtech,2,0,11.0,0
3,36.0,seed,267.53,81.21,8,technical,Fintech,1,2,22.2,1
1,36.0,bootstrap,25.44,20.0,2,first_time,SaaS,1,0,0.9,0
1,1.5,bootstrap,5.3,44.82,15,business,SaaS,0,1,3.9,0
7,15.2,seed,1.15,75.62,15,first_time,SaaS,2,2,21.2,0
1,19.4,seed,10.84,57.34,12,business,SaaS,1,3,23.1,0
6,36.0,seed,15.37,46.74,13,technical,Fintech,2,1,23.7,0
4,36.0,bootstrap,18.81,20.0,9,business,SaaS,0,1,5.0,1
7,33.8,bootstrap,20.25,25.77,13,business,SaaS,2,0,2.2,0
1,36.0,series_b,70.22,102.89,8,first_time,AI,2,3,44.4,1
8,36.0,angels,31.26,33.84,3,first_time,Healthtech,3,2,13.3,1
6,36.0,angels,159.82,51.45,3,first_time,SaaS,3,2,10.0,1
4,36.0,angels,62.48,27.85,13,business,Fintech,0,3,12.0,0
2,36.0,angels,38.22,46.49,7,technical,AI,0,1,12.0,1
8,36.0,angels,18.52,32.79,11,first_time,Fintech,2,1,10.6,1
3,11.6,angels,10.11,48.83,3,business,SaaS,2,3,12.2,0
4,32.2,series_a,20.04,72.48,7,technical,E-commerce,0,3,30.6,1
4,36.0,series_a,121.23,62.14,2,business,Healthtech,3,2,34.2,1
2,25.4,series_b,12.49,85.12,4,technical,SaaS,2,3,41.8,1
4,36.0,angels,54.19,35.99,2,business,AI,2,2,10.9,1
2,36.0,angels,110.31,30.29,4,business,Fintech,1,2,13.0,1
1,21.9,seed,36.17,81.24,10,technical,E-commerce,0,3,24.3,1
3,36.0,series_a,500.0,74.6,1,business,AI,2,4,34.7,1
1,36.0,angels,23.5,20.0,3,technical,Healthtech,1,1,14.5,1
4,36.0,seed,43.38,55.65,11,technical,SaaS,0,3,24.4,1
7,36.0,seed,402.56,78.72,3,first_time,Fintech,2,2,21.7,1
2,36.0,seed,41.13,53.58,9,first_time,E-commerce,1,2,22.5,1
1,21.8,seed,48.07,87.47,14,business,Fintech,2,1,21.9,1
1,36.0,bootstrap,41.02,22.15,12,business,Healthtech,0,0,4.6,0
5,36.0,angels,100.15,57.55,2,business,AI,2,1,10.5,1
3,36.0,angels,73.36,65.55,3,business,E-commerce,1,1,12.8,0
4,7.9,bootstrap,22.18,41.75,11,technical,AI,0,1,1.2,0
1,36.0,series_a,25.29,59.38,6,technical,Fintech,1,4,34.3,1
3,28.6,seed,10.77,50.86,7,technical,E-commerce,1,2,21.7,0
4,9.0,bootstrap,0.74,52.55,8,first_time,Healthtech,1,1,4.3,0
4,36.0,series_a,106.91,67.93,9,technical,Healthtech,1,4,34.6,1
5,36.0,seed,133.26,79.64,7,technical,Fintech,2,2,20.9,0
7,36.0,seed,76.02,58.55,1,technical,Healthtech,1,3,23.8,1
4,11.3,angels,5.51,52.12,2,business,E-commerce,0,1,11.7,0
7,36.0,series_a,27.46,59.21,1,business,Healthtech,3,2,32.0,1
5,36.0,angels,25.08,40.88,4,business,Fintech,1,0,11.4,1
3,26.8,angels,6.71,36.87,13,business,E-commerce,2,1,13.1,1
2,8.6,bootstrap,14.59,38.38,15,first_time,AI,0,2,1.7,0
3,36.0,seed,103.28,66.4,8,business,E-commerce,1,3,23.7,1
5,36.0,seed,182.68,71.94,1,first_time,AI,1,3,23.9,1
2,36.0,angels,137.03,42.64,2,technical,AI,0,1,12.0,1
8,36.0,angels,130.87,36.05,13,technical,AI,3,2,10.0,1
4,21.1,series_a,11.96,82.74,6,first_time,AI,3,3,30.3,0
7,36.0,seed,250.84,49.56,14,first_time,Healthtech,3,2,21.4,1
6,15.7,bootstrap,30.57,51.18,8,business,Fintech,1,2,4.8,0
3,36.0,series_b,500.0,93.28,14,technical,AI,3,4,42.0,1
2,18.0,seed,8.53,60.11,3,first_time,Fintech,2,2,23.7,1
6,24.2,series_b,23.8,101.93,13,business,E-commerce,2,2,44.7,0
3,36.0,series_b,500.0,93.85,9,first_time,SaaS,1,4,41.7,1
2,36.0,series_a,124.26,55.13,7,technical,Healthtech,1,2,32.8,0
8,36.0,seed,123.5,49.08,8,technical,Fintech,2,1,24.3,1
4,36.0,seed,149.28,80.87,5,first_time,SaaS,0,1,23.1,0
1,12.3,bootstrap,3.54,36.26,10,first_time,Healthtech,0,0,0.6,0
4,36.0,angels,16.42,24.78,12,first_time,Healthtech,1,2,13.8,1
4,15.7,seed,0.55,70.28,13,technical,AI,1,1,24.5,1
7,36.0,angels,246.67,41.61,15,technical,Healthtech,1,1,13.8,1
6,36.0,series_a,64.68,66.88,7,business,Healthtech,2,3,33.8,1
2,9.3,bootstrap,1.3,20.0,12,first_time,AI,0,0,3.8,0
2,7.4,angels,0.59,65.0,14,business,Fintech,2,1,13.1,1
5,36.0,angels,16.07,20.52,1,technical,Healthtech,0,3,11.2,1
1,24.7,angels,14.24,37.44,8,technical,AI,2,4,14.6,1
3,36.0,bootstrap,63.26,36.8,11,business,Healthtech,1,0,0.6,1
2,8.8,bootstrap,2.17,58.68,7,technical,E-commerce,0,0,4.1,0
1,36.0,series_a,118.81,88.31,2,technical,SaaS,1,3,31.8,1
8,36.0,angels,26.05,37.31,10,technical,SaaS,2,0,13.4,1
1,4.0,bootstrap,2.01,57.94,7,business,AI,0,1,4.0,1
1,14.1,bootstrap,7.23,20.0,10,first_time,Healthtech,0,1,4.0,0
8,36.0,angels,123.16,53.98,1,business,E-commerce,1,1,10.8,1
2,11.9,bootstrap,5.94,42.32,1,business,E-commerce,0,1,3.1,0
7,36.0,seed,54.84,51.78,10,technical,SaaS,0,4,21.1,1
1,36.0,seed,192.77,75.46,15,technical,AI,0,3,20.6,1
2,36.0,bootstrap,15.88,27.29,10,technical,Fintech,1,1,2.6,1
1,36.0,angels,275.09,60.43,15,technical,Fintech,1,0,14.9,1
6,36.0,bootstrap,30.84,20.0,13,business,AI,0,0,4.9,0
5,4.4,bootstrap,16.7,40.02,5,technical,AI,0,1,2.9,0
4,36.0,series_a,194.4,73.82,2,business,SaaS,2,4,33.9,1
2,27.1,angels,36.6,67.25,9,technical,AI,1,2,11.2,0
1,36.0,series_a,74.06,79.34,10,first_time,AI,2,2,31.1,1
5,16.1,bootstrap,22.91,53.74,12,first_time,E-commerce,0,0,3.5,0
2,10.0,bootstrap,11.6,42.61,8,first_time,Healthtech,1,1,3.9,0
5,36.0,angels,41.59,48.09,14,first_time,E-commerce,2,0,13.7,1
6,36.0,angels,83.12,61.82,13,technical,Fintech,2,2,10.5,0
7,36.0,series_b,199.79,106.91,9,technical,Fintech,3,4,41.8,0
4,6.7,bootstrap,1.09,42.08,9,first_time,Healthtech,0,2,0.2,0
1,36.0,series_a,66.01,45.62,1,business,Healthtech,3,4,33.9,1
3,36.0,series_a,28.83,65.26,12,technical,Fintech,1,3,31.6,0
7,8.2,angels,15.18,70.76,11,technical,E-commerce,1,2,12.1,1
5,36.0,bootstrap,16.15,20.0,14,business,Healthtech,2,1,2.9,0
5,36.0,angels,71.76,63.24,2,business,Fintech,0,2,10.0,0
4,7.0,bootstrap,7.74,45.6,3,first_time,AI,1,0,1.8,0
2,36.0,seed,22.38,54.11,11,technical,AI,1,3,23.6,1
8,36.0,angels,94.85,20.07,8,first_time,E-commerce,1,1,11.4,1
7,36.0,series_b,37.57,86.47,9,technical,E-commerce,2,4,42.9,1
8,20.6,seed,34.43,96.17,7,technical,SaaS,2,2,24.9,1
7,29.1,angels,18.67,37.05,10,first_time,Healthtech,3,2,10.6,0
3,27.5,seed,15.81,53.09,10,business,E-commerce,2,2,21.3,0
3,36.0,angels,87.85,35.04,3,technical,AI,1,4,13.4,1
2,36.0,series_a,500.0,98.22,12,business,E-commerce,1,3,33.0,1
8,13.2,bootstrap,3.18,31.36,8,first_time,SaaS,3,1,4.9,1
5,36.0,series_b,58.18,85.61,9,first_time,SaaS,3,4,40.2,1
4,28.8,series_a,43.61,101.2,10,business,AI,2,3,34.4,1
8,23.9,series_a,22.76,88.69,12,first_time,Healthtech,1,3,32.4,0
5,36.0,angels,42.11,36.21,5,technical,Healthtech,2,1,11.1,0
8,36.0,series_a,266.69,61.65,1,technical,AI,2,3,32.5,1
8,9.7,bootstrap,1.48,52.37,3,first_time,Healthtech,3,1,2.1,0
1,36.0,seed,175.31,65.25,15,first_time,AI,1,3,20.9,1
3,36.0,bootstrap,11.07,20.0,4,first_time,Fintech,0,0,1.1,0
6,36.0,bootstrap,62.77,20.0,4,business,Healthtech,2,0,1.4,1
7,36.0,angels,26.85,33.26,13,technical,Healthtech,2,1,12.8,0
2,6.2,bootstrap,8.02,20.0,4,first_time,AI,0,0,0.4,0
3,29.9,angels,1.96,20.0,7,technical,SaaS,1,2,10.4,1
5,24.5,series_a,0.51,63.51,6,technical,Fintech,3,3,31.7,1
7,36.0,bootstrap,36.25,21.21,10,first_time,Healthtech,0,0,3.5,0
1,36.0,seed,206.15,58.06,9,first_time,E-commerce,1,0,24.9,1
5,11.3,bootstrap,17.12,60.39,8,technical,Healthtech,2,1,0.1,1
3,36.0,seed,77.99,61.0,8,business,Healthtech,1,3,24.9,0
2,19.8,seed,1.99,62.49,13,business,SaaS,0,1,23.4,0
5,36.0,angels,93.38,57.64,9,first_time,SaaS,1,2,14.5,1
4,36.0,seed,58.63,61.44,8,business,Fintech,2,2,22.7,1
6,36.0,series_a,318.15,86.0,14,business,E-commerce,3,4,32.3,1
3,36.0,series_a,114.41,84.21,2,technical,Fintech,2,3,33.9,1
7,36.0,angels,35.52,51.84,13,business,E-commerce,1,0,12.8,0
1,6.5,angels,0.39,91.5,3,business,Healthtech,0,1,14.5,0
7,36.0,seed,171.24,78.67,5,first_time,E-commerce,2,2,24.5,1
1,36.0,bootstrap,29.18,20.0,1,technical,Healthtech,1,1,2.7,1
6,36.0,series_a,118.24,85.55,9,technical,Fintech,3,3,32.9,1
3,36.0,bootstrap,61.72,23.12,13,technical,Fintech,0,0,2.3,0
4,22.6,series_a,22.68,86.69,6,technical,AI,3,4,33.4,0
1,36.0,bootstrap,48.61,20.0,10,technical,E-commerce,0,2,3.4,1
6,21.4,bootstrap,2.58,20.0,6,technical,AI,2,1,3.3,0
2,18.6,series_b,8.64,100.16,12,technical,E-commerce,1,3,40.3,1
6,36.0,series_a,276.71,94.97,15,business,Healthtech,1,4,34.8,1
6,36.0,series_a,317.0,87.54,11,first_time,AI,2,2,31.7,1
7,24.1,series_b,21.83,107.81,6,first_time,E-commerce,3,4,41.2,1
6,18.8,angels,17.19,55.61,13,technical,AI,1,1,11.1,1
3,2.4,bootstrap,11.99,37.59,1,technical,AI,1,2,0.3,0
6,36.0,bootstrap,54.97,27.44,15,business,SaaS,1,0,2.3,1
7,36.0,angels,104.21,62.2,13,technical,AI,2,2,10.2,1
3,11.1,bootstrap,10.46,50.37,10,first_time,AI,0,1,0.8,0
1,36.0,series_b,219.27,94.05,10,business,Healthtech,2,2,40.0,0
8,11.3,bootstrap,1.03,33.25,4,business,E-commerce,1,0,0.9,0
2,5.6,bootstrap,7.52,58.87,7,first_time,AI,0,0,5.0,0
5,22.3,bootstrap,20.29,34.69,2,technical,Healthtech,1,1,2.7,0
2,13.4,bootstrap,17.99,36.14,6,business,Healthtech,1,2,0.3,0
2,3.2,bootstrap,15.3,42.26,9,first_time,AI,0,2,2.8,0
7,25.1,seed,13.08,63.53,6,technical,AI,1,3,23.0,0
2,36.0,bootstrap,46.05,22.69,12,business,SaaS,0,1,2.7,1
6,19.9,seed,20.85,70.67,13,business,Healthtech,2,3,21.7,1
6,36.0,series_a,187.14,79.42,9,business,Fintech,2,4,33.3,1
1,36.0,seed,119.66,92.63,6,business,SaaS,2,4,20.7,1
2,36.0,seed,43.96,76.83,5,business,SaaS,2,3,21.1,1
7,36.0,angels,41.43,41.07,9,technical,Healthtech,3,1,15.0,1
5,5.8,bootstrap,17.14,45.94,11,technical,Fintech,0,0,2.1,0
1,36.0,bootstrap,133.26,39.62,2,business,Healthtech,0,0,0.7,0
8,36.0,series_b,83.49,114.64,7,first_time,E-commerce,2,2,41.1,1
3,36.0,seed,204.99,57.13,7,first_time,SaaS,1,3,23.6,1
1,36.0,bootstrap,43.71,37.83,5,technical,Healthtech,0,2,0.6,1
8,36.0,angels,63.93,48.51,4,first_time,AI,2,3,11.8,0
1,17.0,series_a,5.02,80.88,13,technical,E-commerce,0,3,31.6,1
5,36.0,seed,46.31,51.72,7,business,Fintech,2,2,21.1,1
8,36.0,angels,142.45,58.64,9,business,AI,2,1,12.4,1
5,36.0,series_a,162.95,86.27,1,first_time,SaaS,3,4,30.6,1
5,36.0,seed,186.52,84.28,5,business,Fintech,1,2,22.3,1
4,36.0,seed,42.39,64.85,4,technical,SaaS,2,2,20.2,1
2,17.2,bootstrap,0.53,28.82,5,first_time,E-commerce,0,1,4.9,0
5,36.0,bootstrap,53.16,46.84,13,technical,SaaS,1,2,3.0,1
8,36.0,series_b,104.01,83.09,9,first_time,Fintech,2,3,40.4,1
1,13.7,angels,17.62,66.27,14,business,E-commerce,1,1,11.0,0
8,15.3,angels,35.4,66.24,7,business,Fintech,1,0,13.7,0
4,13.9,angels,23.69,68.86,12,technical,E-commerce,1,3,13.7,0
5,13.6,bootstrap,6.62,40.65,3,first_time,E-commerce,1,3,1.8,0
2,36.0,series_a,68.52,72.7,13,business,SaaS,3,3,30.7,1
5,15.3,bootstrap,5.49,36.64,10,technical,Healthtech,0,1,2.7,1
2,36.0,series_a,353.18,85.7,1,first_time,Healthtech,1,3,31.4,1
3,23.3,angels,9.51,41.6,11,business,E-commerce,2,1,10.5,0
6,16.2,bootstrap,25.08,55.0,8,business,SaaS,1,2,1.7,0
1,36.0,bootstrap,52.92,43.7,1,first_time,SaaS,0,1,3.8,1
4,36.0,series_a,166.02,66.62,13,business,Fintech,0,3,31.8,1
5,10.1,bootstrap,14.19,63.24,9,business,SaaS,0,1,0.2,0
2,36.0,bootstrap,36.59,36.46,10,first_time,Healthtech,0,1,0.6,0
3,36.0,seed,44.96,48.59,9,technical,SaaS,2,4,23.0,1
3,33.0,angels,23.49,37.55,2,technical,Fintech,2,2,12.6,1
6,12.2,angels,19.86,72.32,5,first_time,SaaS,1,0,13.4,1
8,3.1,bootstrap,4.73,62.37,11,business,SaaS,0,0,2.9,0
7,36.0,series_a,88.96,95.14,6,technical,AI,2,4,32.5,1
2,12.5,bootstrap,26.35,54.79,14,first_time,Healthtech,1,0,2.4,1
1,9.0,bootstrap,16.93,53.25,5,first_time,E-commerce,0,2,4.8,1
1,13.1,bootstrap,7.54,43.35,7,business,Fintech,0,0,4.3,0
5,2.7,bootstrap,6.95,39.94,7,technical,Fintech,1,0,1.9,0
2,11.2,bootstrap,0.35,43.1,1,technical,AI,0,1,3.3,0
2,5.8,bootstrap,29.47,46.04,13,business,SaaS,1,2,0.1,0
7,36.0,bootstrap,81.26,23.88,3,technical,SaaS,3,1,0.1,1
7,36.0,angels,70.13,60.98,8,business,E-commerce,2,3,11.6,1
7,36.0,series_a,213.99,101.88,14,technical,E-commerce,1,3,33.8,1
3,15.6,bootstrap,8.97,31.9,15,business,Healthtech,1,1,4.6,0
5,36.0,bootstrap,27.89,30.3,4,technical,Fintech,1,1,3.4,1
5,18.9,series_a,1.27,87.15,6,business,AI,1,4,33.5,0
2,36.0,series_a,95.93,70.26,9,technical,SaaS,1,3,30.2,1
5,36.0,seed,269.03,45.25,11,technical,Healthtech,1,2,24.7,1
5,1.9,bootstrap,13.54,52.22,4,technical,AI,0,1,0.4,0
4,36.0,angels,29.17,43.24,9,first_time,SaaS,1,2,14.7,0
7,6.4,bootstrap,17.7,35.28,13,technical,AI,1,1,0.7,0
6,36.0,bootstrap,38.18,25.85,12,first_time,Fintech,0,1,0.2,1
5,13.4,angels,7.33,69.15,13,technical,Fintech,2,1,12.8,1
6,36.0,angels,57.01,62.8,14,first_time,AI,1,1,10.6,0
7,36.0,angels,102.37,46.39,13,technical,Fintech,2,2,10.1,1
5,36.0,seed,46.26,47.3,8,business,Healthtech,2,4,23.3,1
3,36.0,bootstrap,21.34,29.8,15,business,E-commerce,0,2,3.7,1
7,36.0,bootstrap,62.49,43.55,8,technical,Healthtech,1,0,1.5,0
6,36.0,seed,79.92,67.83,11,business,Fintech,3,4,22.7,1
8,21.5,series_a,14.39,81.64,15,first_time,E-commerce,2,3,32.9,1
2,36.0,bootstrap,34.53,38.18,1,first_time,SaaS,1,0,0.8,1
4,15.6,angels,14.33,61.38,15,technical,Fintech,1,2,12.2,0
8,14.2,bootstrap,22.35,34.37,13,business,E-commerce,2,0,3.2,0
5,25.7,bootstrap,28.53,41.75,15,technical,Fintech,1,0,4.4,1
8,36.0,seed,40.85,50.2,12,first_time,Healthtech,3,2,22.1,0
1,1.2,bootstrap,7.79,73.31,3,first_time,AI,0,0,3.5,0
1,36.0,angels,143.2,45.74,5,technical,Fintech,1,2,12.5,0
7,36.0,angels,60.64,53.05,1,first_time,E-commerce,2,1,13.5,1
3,5.1,bootstrap,20.24,43.5,10,technical,Fintech,1,1,3.9,1
5,26.1,bootstrap,11.45,28.84,7,business,E-commerce,0,1,2.7,0
4,36.0,bootstrap,62.38,35.12,8,business,SaaS,1,0,0.3,1
4,36.0,series_b,126.58,94.94,12,first_time,E-commerce,3,3,44.4,0
8,36.0,seed,291.77,51.29,13,first_time,SaaS,2,2,23.0,1
1,30.2,angels,32.49,56.58,2,technical,SaaS,2,3,13.0,1
7,36.0,bootstrap,48.47,20.0,14,business,Fintech,1,1,2.5,0
8,36.0,seed,126.82,91.29,6,business,Fintech,3,2,20.9,1
6,15.5,bootstrap,19.76,46.89,12,technical,E-commerce,1,0,2.4,0
4,36.0,angels,59.39,59.59,9,business,SaaS,0,2,12.7,1
2,36.0,seed,225.88,38.95,7,technical,SaaS,0,2,21.9,1
6,20.6,angels,12.66,38.11,4,technical,Fintech,2,3,10.7,0
4,6.1,bootstrap,0.43,55.84,3,business,Healthtech,0,1,3.8,0
2,3.4,bootstrap,16.15,97.27,11,first_time,Fintech,0,0,2.3,1
3,1.8,bootstrap,4.6,52.92,5,business,Fintech,0,1,3.5,0
8,16.6,angels,12.62,65.55,4,technical,AI,2,2,10.2,0
3,36.0,series_a,308.76,87.87,1,first_time,E-commerce,1,4,32.5,1
2,7.1,bootstrap,15.06,22.29,13,business,AI,0,1,0.4,0
6,15.7,angels,10.29,64.93,6,first_time,E-commerce,1,2,13.7,0
2,36.0,seed,79.3,48.48,6,business,Fintech,2,2,22.9,0
8,19.1,bootstrap,0.07,20.0,6,technical,AI,2,2,2.3,0
7,10.0,bootstrap,8.17,20.0,9,business,E-commerce,1,0,4.9,0
8,6.6,bootstrap,14.4,49.64,8,technical,Healthtech,2,0,1.6,0
8,36.0,seed,92.77,64.14,9,first_time,Healthtech,2,3,22.1,1
2,36.0,angels,128.08,51.51,5,technical,SaaS,0,3,13.7,1
2,18.5,seed,1.84,64.77,5,technical,Healthtech,0,3,22.6,0
3,36.0,series_a,67.16,63.11,13,technical,AI,1,3,33.3,0
4,23.4,seed,14.58,54.94,7,business,Fintech,1,2,24.9,1
8,36.0,series_b,187.37,85.69,15,technical,SaaS,3,3,43.5,1
6,36.0,seed,66.84,43.92,13,technical,Healthtech,2,4,20.8,1
6,36.0,series_a,45.23,72.44,11,technical,SaaS,3,4,31.0,1
8,36.0,series_a,20.19,63.78,9,technical,SaaS,3,1,34.3,1
6,36.0,seed,92.01,73.67,13,first_time,Healthtech,2,2,20.2,1
4,36.0,series_a,56.52,89.91,1,business,AI,1,4,32.5,0
4,36.0,series_b,200.94,75.6,8,technical,SaaS,2,4,44.5,0
5,36.0,angels,45.84,45.55,11,technical,Fintech,1,2,13.9,0
1,18.4,seed,36.21,92.84,2,first_time,SaaS,0,1,20.6,0
6,36.0,angels,116.4,35.29,3,business,AI,3,2,13.7,1
6,36.0,series_a,122.21,86.4,1,first_time,E-commerce,2,4,31.9,1
6,36.0,angels,79.31,51.58,8,first_time,E-commerce,2,2,14.5,0
5,36.0,series_a,87.26,96.39,9,first_time,E-commerce,3,4,32.9,1
7,36.0,seed,80.38,69.43,8,technical,E-commerce,3,1,22.7,1
8,36.0,series_b,131.07,88.53,1,first_time,Healthtech,3,4,40.0,1
5,14.5,bootstrap,14.86,36.0,8,business,Fintech,2,0,1.2,0
4,32.4,seed,31.32,66.22,14,first_time,AI,3,3,22.1,1
1,36.0,seed,183.21,63.62,1,technical,Healthtech,0,4,23.6,0
7,36.0,series_b,57.58,75.21,12,technical,E-commerce,3,4,42.6,0
8,19.3,series_a,15.06,98.65,5,business,Fintech,2,3,34.3,1
6,19.5,angels,29.94,66.0,2,technical,E-commerce,3,2,10.2,1
7,36.0,angels,58.33,34.34,1,first_time,AI,2,2,11.6,0
7,36.0,bootstrap,47.49,30.49,1,technical,Fintech,1,0,3.0,1
7,36.0,series_b,118.31,91.62,7,business,Healthtech,2,4,43.3,1
5,36.0,bootstrap,38.86,20.0,8,business,SaaS,0,1,2.5,1
1,36.0,seed,189.26,37.0,10,first_time,Healthtech,0,2,22.0,1
1,36.0,seed,146.6,54.94,2,technical,Fintech,0,3,20.4,1
2,29.9,angels,22.71,44.65,10,first_time,Healthtech,1,2,13.5,0
4,36.0,bootstrap,51.17,20.0,12,technical,Fintech,0,0,4.5,1
6,36.0,bootstrap,48.98,37.65,1,technical,AI,1,0,4.0,1
4,23.8,series_a,35.97,97.44,11,technical,SaaS,1,4,33.5,1
1,17.7,angels,14.77,62.63,2,first_time,SaaS,0,2,13.2,0
2,36.0,bootstrap,60.78,33.1,7,technical,SaaS,2,0,3.9,1
8,36.0,seed,93.66,37.39,10,technical,AI,1,4,23.9,1
8,2.4,bootstrap,18.66,45.74,14,business,SaaS,2,1,0.0,0
4,36.0,series_a,203.58,82.2,8,business,AI,2,4,31.8,1
7,9.2,bootstrap,1.18,41.37,7,first_time,E-commerce,2,0,4.3,0
6,1.5,bootstrap,3.42,64.04,13,business,AI,1,1,4.3,0
8,36.0,bootstrap,44.33,22.63,4,technical,E-commerce,1,1,3.5,0
8,36.0,angels,58.21,20.0,4,first_time,AI,1,0,11.5,1
6,24.4,angels,2.4,34.2,7,technical,Healthtech,2,1,14.0,0
4,16.5,seed,5.11,72.29,2,first_time,Fintech,3,3,21.2,1
6,36.0,angels,49.26,50.4,1,technical,AI,1,4,11.1,1
3,23.9,bootstrap,9.24,20.0,6,business,Fintech,0,1,2.7,0
3,19.7,bootstrap,12.7,20.0,3,first_time,AI,1,0,2.9,0
5,36.0,bootstrap,49.36,29.68,10,business,Healthtech,1,2,1.8,1
5,36.0,series_b,178.49,76.31,9,first_time,E-commerce,3,3,43.0,1
5,22.4,bootstrap,28.53,42.81,8,business,Fintech,2,0,3.5,1
4,36.0,series_b,184.67,88.83,8,business,SaaS,2,2,40.9,1
4,36.0,bootstrap,17.21,25.59,2,business,AI,0,1,1.4,1
1,36.0,bootstrap,17.35,23.63,7,first_time,SaaS,0,1,3.5,1
5,36.0,bootstrap,54.71,38.95,2,first_time,E-commerce,0,1,4.6,0
5,11.2,bootstrap,1.23,35.64,6,technical,SaaS,1,3,4.4,0
8,36.0,seed,98.72,68.03,11,business,E-commerce,3,3,20.6,1
5,17.2,angels,9.26,52.7,15,business,Healthtech,1,1,12.8,1
4,36.0,bootstrap,29.93,33.92,5,first_time,AI,2,1,4.0,0
1,22.5,seed,7.25,49.5,4,technical,AI,0,0,21.2,0
2,36.0,seed,411.33,54.04,11,first_time,Fintech,2,4,23.2,1
3,36.0,series_b,244.92,89.08,14,technical,E-commerce,2,4,42.1,1
4,20.1,series_b,22.61,125.98,5,technical,AI,3,3,43.3,0
3,36.0,seed,75.0,44.77,13,first_time,AI,3,3,20.2,1
4,36.0,series_a,461.44,73.72,5,first_time,E-commerce,3,3,31.6,1
7,35.2,seed,35.55,66.47,10,first_time,AI,2,3,21.5,1
2,36.0,angels,68.96,45.45,4,first_time,Fintech,1,3,12.1,1
3,36.0,seed,388.62,81.11,4,technical,Healthtech,2,2,20.6,1
2,36.0,bootstrap,34.41,30.37,15,business,AI,0,1,2.2,1
3,33.2,seed,26.12,61.48,6,business,AI,2,1,22.7,0
6,36.0,series_b,202.31,107.22,1,business,Healthtech,1,4,40.1,1
1,8.2,bootstrap,27.16,62.16,12,technical,AI,0,1,1.5,1
3,15.5,series_a,14.61,101.11,2,technical,Healthtech,1,3,30.9,0
1,36.0,series_b,54.95,92.95,2,first_time,SaaS,2,4,44.9,1
8,11.2,bootstrap,2.16,34.26,13,technical,Fintech,1,0,0.7,0
6,20.7,angels,13.52,50.7,6,business,Healthtech,1,2,13.1,0
2,36.0,series_b,72.11,97.2,3,technical,Fintech,3,3,42.0,1
2,22.6,series_b,5.82,82.29,15,technical,E-commerce,1,3,41.4,0
1,15.2,bootstrap,23.93,49.05,5,business,SaaS,0,0,4.3,0
4,15.3,bootstrap,7.02,38.1,10,business,Healthtech,0,0,3.3,0
7,36.0,seed,72.24,64.33,4,business,Fintech,2,0,23.1,0
5,36.0,bootstrap,33.11,20.0,9,first_time,E-commerce,0,0,0.5,0
8,35.2,bootstrap,21.81,35.93,11,first_time,Fintech,2,4,1.3,0
3,36.0,bootstrap,24.35,20.0,12,business,SaaS,0,1,1.4,1
3,24.1,bootstrap,5.52,26.28,7,technical,E-commerce,0,1,2.2,0
4,36.0,angels,244.54,41.55,10,business,E-commerce,1,1,14.6,1
2,29.4,seed,32.8,69.3,13,business,Healthtech,0,1,22.0,1
8,18.9,seed,26.44,93.2,13,business,Healthtech,2,1,21.6,1
2,36.0,seed,199.14,73.58,12,first_time,Healthtech,1,2,20.4,1
4,36.0,angels,78.48,71.73,6,business,SaaS,2,2,11.9,0
5,4.6,bootstrap,4.35,44.68,8,business,Healthtech,1,1,0.3,0
1,3.3,bootstrap,1.69,51.88,15,technical,SaaS,0,0,1.8,0
4,8.3,bootstrap,10.77,62.86,4,technical,SaaS,0,4,4.8,0
4,36.0,bootstrap,107.75,24.02,11,technical,Fintech,0,0,2.8,1
3,36.0,bootstrap,43.81,23.04,12,business,Fintech,0,1,1.0,1
2,11.2,bootstrap,19.81,45.03,8,technical,AI,0,0,1.5,1
1,2.4,bootstrap,0.37,34.94,13,first_time,Healthtech,1,1,2.9,0
1,36.0,seed,37.4,68.31,7,first_time,AI,0,2,20.1,0
4,35.9,seed,31.46,61.27,13,technical,AI,1,2,24.5,0
1,36.0,series_b,431.87,86.06,10,business,Fintech,1,4,42.9,1
8,11.1,seed,1.99,89.31,1,first_time,AI,1,3,22.5,1
2,24.9,angels,0.97,33.5,13,business,Healthtech,1,0,13.6,0
6,23.1,bootstrap,30.75,45.3,11,technical,AI,1,3,1.0,0
6,13.2,angels,7.97,57.86,4,first_time,SaaS,0,0,10.1,0
4,30.4,bootstrap,13.44,20.0,11,business,Healthtech,1,2,3.1,0
8,26.8,angels,5.58,37.54,8,technical,SaaS,2,0,10.8,1
1,28.0,angels,11.57,40.06,15,technical,SaaS,0,3,10.1,1
2,22.5,angels,24.09,58.47,5,business,Fintech,0,2,14.6,0
3,36.0,bootstrap,25.81,29.49,4,technical,SaaS,0,2,3.9,1
2,36.0,seed,119.43,63.72,1,technical,Healthtech,2,2,20.6,1
3,36.0,series_a,95.85,58.14,12,business,SaaS,3,3,34.5,1
3,10.7,seed,2.21,99.89,15,technical,Healthtech,1,2,20.3,0
7,36.0,seed,44.19,66.07,11,technical,E-commerce,3,3,24.0,1
3,18.1,angels,10.42,57.49,6,first_time,Fintech,2,3,12.1,0
8,17.7,bootstrap,5.3,26.89,14,first_time,AI,1,1,2.6,1
7,36.0,seed,55.7,55.21,4,technical,SaaS,1,3,23.3,1
8,36.0,angels,77.44,78.69,11,first_time,Fintech,2,1,10.5,0
1,21.2,bootstrap,6.89,20.0,9,technical,AI,0,1,4.5,0
8,36.0,bootstrap,42.68,39.18,13,business,Healthtech,1,2,0.7,1
5,36.0,series_b,200.09,76.83,15,technical,Healthtech,3,3,44.7,1
8,36.0,seed,227.74,58.92,6,business,Healthtech,3,3,20.5,1
3,36.0,angels,114.03,40.43,2,first_time,Healthtech,1,2,10.9,1
8,36.0,seed,63.0,50.21,3,first_time,SaaS,3,4,20.3,1
5,13.9,angels,12.72,50.53,12,business,SaaS,1,1,12.0,0
1,36.0,angels,66.08,20.0,6,business,Fintech,1,3,13.0,1
4,36.0,bootstrap,85.29,30.27,3,first_time,Healthtech,0,0,3.1,1
2,36.0,angels,118.33,48.65,13,technical,E-commerce,1,1,14.1,1
8,36.0,seed,33.76,44.61,10,first_time,E-commerce,1,4,22.6,1
3,36.0,bootstrap,101.42,57.7,2,technical,SaaS,1,0,2.6,1
2,32.1,seed,23.2,56.08,11,first_time,AI,0,3,21.6,0
5,19.6,bootstrap,21.54,31.44,10,first_time,E-commerce,1,0,3.3,0
4,36.0,seed,56.23,56.12,15,business,SaaS,2,2,24.5,1
1,36.0,seed,171.85,63.78,15,business,Healthtech,1,1,21.8,0
7,27.3,seed,52.27,84.62,15,business,Fintech,3,4,21.8,1
7,36.0,seed,116.39,102.1,14,first_time,E-commerce,3,1,21.7,1
6,36.0,series_b,71.76,106.18,12,first_time,E-commerce,3,3,41.1,1
5,8.8,angels,12.23,66.32,11,first_time,AI,0,1,12.8,0
4,36.0,seed,141.16,90.75,9,business,SaaS,1,3,20.5,1
5,36.0,seed,65.13,68.73,12,technical,SaaS,1,3,24.2,1
5,27.7,bootstrap,45.43,58.55,15,business,Healthtech,1,1,0.7,1
2,17.0,bootstrap,21.13,46.89,2,technical,Fintech,0,1,0.9,1
1,28.4,angels,24.3,52.16,3,first_time,AI,2,1,10.3,0
3,10.9,bootstrap,13.65,40.26,8,first_time,Fintech,0,0,1.9,1
4,36.0,angels,269.64,22.68,5,first_time,SaaS,0,1,13.8,1
2,36.0,angels,124.11,54.38,8,first_time,Fintech,0,2,14.6,1
1,36.0,seed,169.41,41.84,5,first_time,SaaS,0,4,22.2,1
7,36.0,bootstrap,40.77,20.0,12,business,Fintech,1,1,1.2,0
3,22.2,series_a,21.46,82.89,14,technical,Healthtech,3,3,33.6,1
5,36.0,angels,59.88,33.29,5,business,SaaS,2,2,13.4,1
5,36.0,seed,61.53,64.89,12,technical,AI,1,4,23.4,1
6,6.0,bootstrap,26.32,37.08,2,first_time,Healthtech,1,1,2.2,0
6,36.0,angels,30.65,52.75,12,technical,Fintech,2,1,12.8,0
3,36.0,bootstrap,56.23,21.44,11,first_time,Fintech,1,2,0.3,0
7,36.0,seed,121.34,78.48,11,first_time,Healthtech,1,3,21.3,1
3,16.2,bootstrap,28.33,33.66,8,business,Fintech,0,0,4.6,0
7,36.0,series_b,70.24,101.62,2,business,AI,3,4,40.2,1
4,36.0,bootstrap,17.54,20.0,13,first_time,Fintech,0,1,1.5,1
1,36.0,angels,55.54,47.33,2,first_time,Fintech,0,2,11.1,0
7,5.1,bootstrap,0.08,51.46,8,technical,Healthtech,2,1,0.7,1
1,36.0,seed,62.48,79.55,3,technical,Healthtech,0,2,24.6,0
7,36.0,angels,78.3,38.04,13,technical,AI,2,3,10.6,1
1,36.0,angels,94.4,41.82,9,first_time,Healthtech,0,3,12.4,1
2,32.4,bootstrap,15.09,20.17,8,business,Healthtech,1,0,4.2,0
5,10.5,bootstrap,13.84,25.15,5,technical,AI,1,0,0.0,0
8,36.0,bootstrap,107.15,20.0,12,business,Fintech,1,2,0.5,1
4,31.2,series_b,27.47,92.93,4,first_time,Healthtech,2,3,41.7,0
1,36.0,angels,36.06,59.5,11,technical,SaaS,0,3,10.7,0
2,36.0,bootstrap,17.65,23.22,15,technical,Fintech,0,1,0.9,0
8,36.0,series_b,153.65,93.64,4,first_time,Healthtech,3,2,43.0,1
6,36.0,bootstrap,24.36,31.69,11,technical,Healthtech,3,0,0.9,1
1,36.0,angels,50.4,65.83,5,technical,SaaS,1,2,13.2,0
4,36.0,seed,41.35,55.83,14,business,AI,0,2,24.6,0
3,36.0,series_a,167.71,71.37,14,first_time,Healthtech,2,4,31.1,1
2,36.0,seed,143.02,52.31,5,technical,AI,2,3,21.1,1
7,36.0,angels,90.96,32.94,4,technical,E-commerce,2,1,10.1,1
5,36.0,series_b,91.64,102.94,2,first_time,AI,2,4,40.1,0
2,36.0,bootstrap,25.37,32.97,11,first_time,AI,0,2,2.0,1
6,32.0,series_b,40.05,95.82,14,first_time,Fintech,2,2,42.4,0
4,36.0,series_a,108.15,99.12,3,technical,Fintech,2,2,30.9,0
1,36.0,series_b,134.29,114.98,13,business,Fintech,0,1,41.6,1
4,35.9,bootstrap,16.25,20.0,12,first_time,E-commerce,0,2,0.7,0
2,36.0,bootstrap,94.25,44.72,8,business,Fintech,1,2,3.4,1
2,28.9,seed,26.59,68.38,4,technical,E-commerce,0,3,22.0,0
8,21.1,angels,2.93,43.08,10,first_time,AI,2,1,13.7,0
6,36.0,angels,183.62,54.92,9,business,Healthtech,1,3,12.8,1
2,36.0,series_b,288.07,69.1,13,first_time,AI,3,3,41.9,1
7,14.2,seed,12.71,86.94,9,first_time,Fintech,2,2,23.1,0
5,2.3,bootstrap,15.49,42.72,1,business,AI,0,1,0.0,0
7,31.4,angels,10.31,37.02,4,technical,Fintech,0,1,13.5,0
6,36.0,bootstrap,24.47,26.22,6,technical,SaaS,2,0,1.9,0
3,9.1,bootstrap,4.63,20.0,8,first_time,E-commerce,1,1,2.6,0
5,36.0,bootstrap,27.13,30.29,6,first_time,Healthtech,1,1,2.6,1
5,36.0,series_a,43.58,72.76,14,business,Healthtech,3,4,32.8,1
6,36.0,seed,233.38,45.12,5,first_time,SaaS,2,2,23.5,1
2,20.7,angels,35.24,61.65,11,first_time,Fintech,0,1,10.6,0
3,36.0,angels,57.03,69.15,6,business,Fintech,1,1,12.4,0
2,36.0,seed,30.9,64.59,15,technical,AI,2,2,20.4,1
3,36.0,series_a,74.49,75.42,14,business,Healthtech,2,3,31.2,1
2,17.6,series_a,6.01,86.52,12,technical,Healthtech,0,2,30.9,0
1,17.6,angels,19.12,49.71,12,first_time,SaaS,0,2,13.0,0
8,36.0,series_a,99.05,63.77,10,business,SaaS,3,2,33.0,1
1,32.9,angels,16.72,40.21,9,business,Fintech,0,3,14.2,0
8,15.4,angels,9.88,45.55,9,technical,E-commerce,2,3,12.6,0
1,16.2,series_a,4.02,83.72,1,business,E-commerce,0,3,33.7,0
7,25.0,angels,28.53,50.14,15,technical,SaaS,3,2,14.4,1
3,36.0,angels,117.69,53.16,15,technical,Healthtech,1,2,10.7,1
5,36.0,bootstrap,34.7,20.0,8,technical,Fintech,3,1,3.6,0
3,36.0,angels,198.37,59.98,14,business,AI,0,1,11.6,1
4,36.0,angels,71.37,50.05,7,first_time,Fintech,0,1,11.4,1
4,16.1,seed,40.04,103.29,2,business,E-commerce,1,4,24.8,0
5,36.0,angels,111.66,44.19,13,business,SaaS,2,2,11.0,1
4,36.0,bootstrap,39.45,39.85,8,first_time,E-commerce,1,0,4.6,0
5,34.4,series_a,75.26,122.44,15,first_time,Fintech,2,3,34.1,1
7,36.0,bootstrap,141.14,37.91,4,technical,SaaS,1,0,4.4,1
4,36.0,series_b,451.96,93.99,8,business,AI,1,4,42.9,1
3,27.5,bootstrap,3.5,20.2,11,technical,Healthtech,0,1,2.9,0
2,36.0,angels,181.91,72.92,3,first_time,Fintech,0,3,12.0,1
3,36.0,angels,47.47,32.61,15,technical,AI,1,1,12.0,0
2,36.0,series_a,118.89,86.41,10,technical,Fintech,1,2,34.3,1
2,36.0,bootstrap,40.09,27.9,3,business,Healthtech,0,0,1.9,0
8,23.1,series_a,20.38,77.16,12,business,E-commerce,2,3,32.4,1
1,36.0,angels,43.16,28.64,14,technical,E-commerce,1,1,15.0,1
4,8.1,angels,10.7,70.15,6,business,Fintech,2,1,11.8,1
7,36.0,angels,32.76,45.83,10,technical,SaaS,0,0,14.1,0
8,24.0,bootstrap,2.82,20.0,12,first_time,SaaS,2,0,1.4,0
2,17.2,angels,35.9,68.79,3,first_time,Healthtech,2,2,10.1,1
2,21.7,bootstrap,5.78,27.44,8,first_time,Healthtech,1,1,3.0,0
3,20.4,bootstrap,20.13,40.02,9,first_time,AI,0,0,2.4,1
5,36.0,seed,93.19,77.62,5,technical,AI,1,1,23.9,0
8,36.0,angels,165.52,57.11,5,technical,SaaS,0,2,10.0,0
2,36.0,bootstrap,25.58,20.0,10,business,SaaS,1,0,0.4,1
2,31.2,bootstrap,30.63,45.43,12,business,E-commerce,1,0,4.3,1
3,11.6,bootstrap,0.5,33.49,6,technical,E-commerce,0,0,2.4,0
7,36.0,bootstrap,26.94,30.06,3,business,AI,2,2,2.5,1
1,36.0,seed,47.36,63.36,12,business,SaaS,1,2,21.1,1
4,36.0,bootstrap,24.94,20.0,3,first_time,SaaS,1,0,4.6,1
1,32.3,series_a,31.22,82.88,1,first_time,SaaS,2,4,34.6,0
2,36.0,bootstrap,15.11,20.0,5,technical,AI,0,0,2.6,1
8,36.0,bootstrap,59.4,30.71,13,technical,E-commerce,1,0,1.1,1
1,36.0,series_a,113.14,82.34,12,business,AI,2,3,34.9,1
3,15.4,bootstrap,46.48,51.11,5,technical,E-commerce,0,2,4.5,1
8,36.0,angels,40.65,37.71,8,technical,E-commerce,2,1,12.6,0
5,17.8,series_b,20.68,116.77,15,first_time,E-commerce,3,4,43.1,1
1,17.6,series_b,0.06,109.2,11,technical,AI,1,4,42.2,1
4,36.0,seed,60.37,58.56,12,technical,SaaS,0,3,21.0,1
8,36.0,bootstrap,23.29,20.0,2,first_time,AI,1,1,3.4,0
4,36.0,angels,22.0,28.34,4,first_time,Healthtech,2,3,13.3,1
5,36.0,series_b,117.3,99.08,2,technical,E-commerce,3,3,42.7,1
5,36.0,series_b,226.76,83.94,15,first_time,SaaS,2,4,44.1,1
6,13.3,bootstrap,15.83,52.99,6,first_time,AI,1,2,2.3,0
2,36.0,angels,72.4,39.81,8,first_time,Fintech,0,3,14.3,0
7,36.0,bootstrap,87.19,21.49,9,first_time,AI,2,0,1.1,1
8,36.0,bootstrap,49.37,38.5,8,business,SaaS,1,2,4.8,1
2,36.0,seed,43.27,54.71,1,business,Fintech,3,2,21.0,1
7,5.9,bootstrap,7.29,35.13,14,technical,E-commerce,1,1,0.8,0
7,4.9,bootstrap,22.55,49.79,6,first_time,Fintech,2,1,3.0,0
6,36.0,bootstrap,55.82,36.76,14,first_time,Fintech,1,0,0.5,0
3,36.0,angels,64.37,51.81,12,business,Fintech,2,2,10.8,0
4,36.0,bootstrap,75.55,38.08,11,technical,E-commerce,0,1,3.6,1
7,36.0,angels,165.7,24.6,11,business,Fintech,1,3,11.5,1
2,17.0,bootstrap,18.65,40.88,15,technical,E-commerce,0,0,4.0,1
7,36.0,series_b,226.52,97.4,5,first_time,Healthtech,2,4,40.8,1
8,9.8,bootstrap,18.88,48.39,5,business,Fintech,1,1,1.9,0
6,14.9,angels,0.11,59.09,11,business,SaaS,1,2,11.9,0
3,36.0,bootstrap,157.11,31.97,4,first_time,AI,1,1,2.4,1
5,13.4,bootstrap,25.39,50.49,13,first_time,E-commerce,1,1,2.1,0
1,4.1,bootstrap,18.31,30.61,1,first_time,E-commerce,0,1,1.9,0
8,10.6,bootstrap,2.55,38.71,14,business,Fintech,2,1,1.6,0
3,12.6,bootstrap,8.35,30.33,6,first_time,AI,0,0,0.1,1
1,14.2,angels,18.71,56.93,1,first_time,SaaS,1,2,13.1,0
7,36.0,seed,108.31,59.35,10,technical,Healthtech,2,2,22.4,0
6,36.0,bootstrap,59.41,59.71,5,first_time,Healthtech,1,1,1.9,0
5,9.9,angels,4.38,80.26,5,technical,AI,1,2,11.1,0
1,36.0,angels,58.81,63.11,8,business,AI,0,2,14.5,1
7,4.5,bootstrap,2.68,58.12,9,first_time,Fintech,2,0,1.2,1
6,36.0,angels,23.7,26.91,3,business,Healthtech,3,1,14.6,1
7,36.0,bootstrap,145.77,20.0,1,business,Fintech,3,0,1.1,1
7,36.0,bootstrap,27.96,30.18,7,first_time,E-commerce,2,1,4.9,0
2,36.0,angels,40.73,50.62,6,first_time,Fintech,0,2,12.1,1
2,36.0,series_b,324.76,92.03,9,technical,E-commerce,2,2,42.7,1
8,36.0,series_b,180.27,70.37,12,first_time,E-commerce,3,3,41.5,1
5,26.7,series_b,43.24,112.27,10,technical,Healthtech,2,3,44.7,0
4,18.9,angels,48.08,82.31,2,first_time,AI,0,2,11.4,0
3,16.3,bootstrap,23.97,54.21,15,business,AI,2,1,3.7,0
6,16.7,bootstrap,24.25,51.28,11,first_time,AI,0,1,0.1,1
7,5.9,bootstrap,11.43,38.39,1,technical,Healthtech,0,0,2.8,0
1,36.0,bootstrap,30.29,22.36,12,first_time,Healthtech,1,1,3.7,0
5,5.5,bootstrap,15.86,36.09,14,technical,E-commerce,0,2,2.4,0
8,36.0,angels,145.2,81.58,9,first_time,E-commerce,3,2,13.2,1
3,6.3,bootstrap,8.82,29.72,13,first_time,Fintech,1,0,3.8,0
3,36.0,bootstrap,31.25,28.18,14,business,Fintech,2,1,2.5,1
8,36.0,seed,93.67,81.61,15,business,Healthtech,3,1,21.1,1
1,12.2,angels,27.04,67.61,15,business,Healthtech,0,0,12.0,1
4,36.0,series_a,24.56,67.28,3,technical,Fintech,3,2,33.7,1
4,9.6,bootstrap,2.54,31.08,1,business,AI,1,3,1.4,0
7,36.0,angels,59.11,42.47,10,technical,AI,2,2,13.2,1
2,23.0,bootstrap,15.24,36.05,11,business,E-commerce,0,0,0.7,1
4,23.4,angels,36.7,66.56,9,first_time,Fintech,1,0,14.7,0
2,36.0,bootstrap,14.03,22.94,4,business,Healthtech,1,0,3.0,0
7,9.3,bootstrap,3.87,51.34,15,business,E-commerce,2,0,2.3,0
6,36.0,seed,53.63,66.52,7,business,E-commerce,2,2,24.1,1
4,2.4,bootstrap,0.43,69.89,12,technical,SaaS,1,2,4.0,0
4,7.5,bootstrap,12.86,39.78,10,technical,Healthtech,0,0,0.5,1
2,36.0,series_b,107.75,93.55,14,first_time,AI,2,3,41.5,1
8,36.0,bootstrap,66.31,43.62,11,first_time,E-commerce,2,1,2.3,0
6,16.9,angels,7.98,44.94,10,first_time,E-commerce,1,1,11.7,0
3,36.0,angels,52.3,23.07,13,business,Fintech,0,2,11.6,0
4,6.7,bootstrap,12.2,31.39,1,first_time,Fintech,0,2,1.8,1
6,36.0,angels,94.57,46.16,11,first_time,Healthtech,1,1,10.7,0
6,20.6,bootstrap,7.5,20.0,9,business,SaaS,0,0,0.6,0
4,36.0,seed,46.27,63.9,12,business,Healthtech,2,2,21.3,1
3,36.0,bootstrap,34.96,20.0,4,technical,AI,1,0,0.4,1
6,6.2,bootstrap,11.51,29.78,9,business,Fintech,0,2,2.6,1
6,36.0,bootstrap,44.32,38.65,5,technical,Healthtech,2,2,0.8,1
5,17.5,series_a,7.87,81.45,2,technical,E-commerce,3,4,30.3,0
1,35.9,seed,24.82,58.83,9,business,AI,3,2,24.2,0
4,22.3,series_b,3.58,93.72,1,technical,Healthtech,2,3,42.9,0
5,36.0,seed,114.98,53.24,2,technical,AI,2,3,24.5,1
8,36.0,seed,45.48,65.16,8,business,E-commerce,2,2,24.9,1
5,36.0,angels,50.52,50.87,14,technical,Fintech,1,3,13.0,0
3,22.7,series_a,10.54,66.5,11,first_time,Fintech,2,4,34.0,1
5,36.0,angels,48.98,54.02,1,first_time,Healthtech,1,2,10.8,0
2,16.2,angels,18.34,53.92,2,technical,E-commerce,2,0,13.5,0
1,36.0,seed,92.79,62.51,7,technical,SaaS,2,3,22.7,0
6,8.0,angels,20.16,86.32,7,first_time,Fintech,2,3,13.4,0
8,21.5,bootstrap,13.42,32.89,1,technical,E-commerce,2,1,0.5,1
7,36.0,angels,29.88,45.81,4,business,E-commerce,3,2,14.7,0
5,36.0,bootstrap,156.41,28.66,2,business,SaaS,1,0,2.1,1
1,36.0,series_a,232.97,65.44,9,technical,AI,1,2,33.9,1
8,8.2,angels,1.08,60.29,10,first_time,E-commerce,2,1,15.0,0
4,36.0,series_a,48.22,69.71,6,business,Healthtech,1,3,34.4,1
3,36.0,angels,125.91,41.48,9,first_time,SaaS,2,1,11.6,1
8,36.0,seed,75.66,56.93,4,business,AI,1,2,22.0,0
6,36.0,bootstrap,35.87,20.23,13,first_time,E-commerce,1,1,3.2,1
6,36.0,series_b,36.42,68.73,1,first_time,Healthtech,3,4,42.7,1
3,20.1,angels,5.38,43.06,8,technical,Fintech,1,2,12.1,0
8,1.8,bootstrap,8.19,48.1,5,first_time,Fintech,0,0,3.3,1
4,36.0,bootstrap,88.9,37.95,7,business,Fintech,2,1,4.5,0
5,11.7,bootstrap,22.96,58.41,8,technical,E-commerce,0,1,1.5,1
7,19.7,angels,31.34,61.26,10,technical,SaaS,1,3,10.6,1
6,36.0,seed,87.58,72.86,14,first_time,E-commerce,1,4,23.4,1
2,36.0,series_b,167.49,123.24,9,technical,Healthtech,3,4,42.9,1
3,36.0,seed,100.13,63.54,4,business,Fintech,0,3,24.5,1
3,24.3,angels,23.85,50.95,8,first_time,SaaS,1,0,13.7,1
8,36.0,angels,286.03,49.83,8,business,E-commerce,2,2,12.0,1
6,17.3,series_a,29.61,103.16,13,business,SaaS,1,4,33.2,0
3,36.0,series_a,245.86,80.04,9,business,Healthtech,2,4,34.3,1
6,20.6,bootstrap,15.44,25.28,14,business,AI,1,0,1.7,0
6,36.0,series_b,128.24,103.82,10,first_time,SaaS,3,3,40.1,1
4,36.0,angels,57.04,37.76,9,first_time,SaaS,0,2,13.1,1
4,23.0,series_a,20.87,88.0,5,first_time,Fintech,2,3,30.1,1
8,34.9,series_b,48.47,101.21,4,technical,E-commerce,2,2,44.7,1
5,36.0,seed,94.08,62.16,2,business,Fintech,1,3,20.8,0
2,36.0,bootstrap,47.52,43.49,9,business,E-commerce,1,1,1.9,1
6,36.0,angels,51.04,27.68,14,business,AI,1,1,14.7,1
5,36.0,bootstrap,67.98,37.44,1,technical,SaaS,0,1,0.4,1
5,36.0,seed,52.45,58.06,15,technical,SaaS,3,3,20.0,1
6,2.1,bootstrap,13.04,77.93,13,technical,Fintech,1,2,0.5,0
8,36.0,seed,154.2,67.34,7,first_time,SaaS,3,2,24.9,1
3,21.9,series_a,5.01,71.05,5,first_time,E-commerce,3,3,34.9,0
4,36.0,bootstrap,47.21,20.0,9,technical,SaaS,1,1,1.9,1
2,16.1,angels,17.02,69.58,13,technical,SaaS,0,1,13.7,1
6,36.0,seed,85.07,59.75,1,first_time,E-commerce,2,4,23.7,1
4,18.4,angels,0.96,38.13,7,business,E-commerce,1,3,10.5,0
3,9.0,bootstrap,11.02,40.04,1,first_time,AI,1,1,1.2,0
6,36.0,bootstrap,80.19,44.75,10,technical,Healthtech,1,0,4.4,1
4,36.0,angels,69.43,59.51,2,technical,E-commerce,2,0,10.8,0
4,32.5,seed,29.4,65.3,5,technical,E-commerce,1,3,22.6,1
4,19.4,angels,11.5,52.39,12,technical,E-commerce,0,2,11.2,0
3,18.8,bootstrap,14.32,38.48,12,business,AI,0,1,2.8,0
2,21.4,angels,13.79,55.05,4,first_time,Healthtech,0,2,11.0,0
7,36.0,angels,125.02,56.37,8,technical,E-commerce,2,0,11.1,1
1,22.3,bootstrap,29.04,51.42,3,business,SaaS,0,2,0.2,0
3,36.0,seed,89.56,65.85,9,first_time,AI,2,3,25.0,1
6,36.0,bootstrap,64.1,22.75,1,technical,AI,0,0,0.6,0
2,36.0,angels,57.77,47.84,13,business,Fintech,0,3,12.1,0
6,36.0,series_b,500.0,106.31,1,first_time,E-commerce,3,3,42.1,1
6,36.0,angels,25.73,23.2,10,technical,AI,3,2,11.5,1
6,36.0,seed,83.25,38.29,7,first_time,Healthtech,2,1,24.0,1
3,3.4,bootstrap,7.57,48.77,4,first_time,AI,0,0,1.7,1
1,9.0,bootstrap,21.94,57.8,9,business,E-commerce,0,0,3.1,0
8,27.1,bootstrap,15.81,20.0,3,first_time,AI,2,0,2.7,1
3,21.8,seed,17.34,66.51,9,technical,Fintech,1,3,24.3,0
7,36.0,series_a,37.08,74.01,10,technical,AI,3,3,34.1,1
2,18.0,bootstrap,12.4,31.09,7,business,SaaS,0,1,1.1,1
2,5.9,bootstrap,19.93,39.58,6,first_time,Healthtech,1,1,3.8,1
7,36.0,bootstrap,33.85,20.0,7,business,SaaS,1,1,4.0,0
8,36.0,angels,24.23,33.39,15,first_time,SaaS,0,1,14.6,1
7,29.7,seed,22.6,60.48,12,technical,Healthtech,1,4,24.8,1
7,36.0,seed,174.13,62.82,1,technical,SaaS,2,3,23.7,1
2,36.0,series_a,327.98,63.11,5,first_time,Healthtech,3,3,32.2,1
8,12.9,bootstrap,16.99,46.84,1,business,Fintech,2,1,1.5,0
6,36.0,seed,53.24,58.74,4,technical,AI,2,0,24.3,1
2,12.5,angels,3.59,43.67,12,business,AI,1,3,14.6,0
2,14.9,bootstrap,8.92,39.24,13,first_time,AI,0,1,0.5,0
7,33.3,series_a,33.72,78.07,7,first_time,AI,2,3,32.8,0
3,4.0,bootstrap,23.46,47.56,11,technical,AI,0,1,0.6,0
7,28.0,seed,12.04,51.0,6,business,AI,1,1,21.3,0
2,36.0,seed,35.34,44.04,8,business,AI,2,2,21.9,1
3,36.0,series_a,151.88,75.35,13,first_time,Healthtech,2,4,31.6,1
3,36.0,angels,65.23,50.9,5,first_time,Fintech,1,1,13.6,0
3,32.9,bootstrap,9.98,20.0,5,business,SaaS,1,1,0.4,0
6,29.9,series_a,16.83,59.18,3,business,AI,1,4,33.1,0
8,31.1,seed,34.11,67.73,4,business,E-commerce,2,2,22.9,0
8,36.0,angels,41.27,38.63,1,technical,Fintech,3,4,13.9,1
6,36.0,seed,67.98,43.21,13,first_time,SaaS,3,3,20.5,1
2,4.6,bootstrap,2.71,49.48,13,business,Healthtech,0,0,1.7,1
8,33.8,angels,26.93,40.52,7,first_time,E-commerce,3,1,13.5,1
5,36.0,series_a,219.82,97.25,9,first_time,Healthtech,3,3,33.6,1
5,36.0,bootstrap,81.13,35.43,4,business,SaaS,0,1,2.2,1
6,36.0,angels,172.21,54.42,1,first_time,Fintech,2,1,12.3,1
7,24.9,series_b,12.74,91.83,8,business,Fintech,3,3,44.8,1
8,36.0,seed,231.67,25.17,3,business,AI,3,2,21.6,1
5,36.0,series_a,187.68,62.95,13,business,Fintech,2,4,30.8,1
5,36.0,angels,60.43,48.11,5,technical,Healthtech,1,0,14.8,0
6,36.0,series_b,97.71,100.47,12,first_time,Fintech,2,4,44.0,1
3,36.0,bootstrap,7.72,20.0,4,business,Fintech,1,1,1.2,0
3,36.0,angels,51.76,49.2,2,technical,AI,1,1,14.3,1
6,22.8,angels,7.28,33.17,9,first_time,Fintech,1,0,11.3,1
1,19.8,seed,5.55,68.52,3,business,AI,0,3,24.1,0
3,36.0,series_a,296.86,79.71,6,technical,SaaS,2,3,33.1,1
6,19.3,seed,24.59,76.15,5,business,Fintech,2,2,22.4,0
8,36.0,seed,204.76,81.0,14,first_time,E-commerce,3,3,24.6,1
5,13.7,angels,10.37,56.88,8,technical,SaaS,1,2,14.0,0
4,14.8,angels,17.41,62.91,11,first_time,Fintech,1,2,10.6,0
4,19.4,angels,12.04,44.74,9,first_time,SaaS,0,3,13.5,0
6,2.8,bootstrap,15.2,77.35,14,business,E-commerce,0,1,3.9,1
5,36.0,angels,112.79,31.72,7,first_time,AI,1,2,12.7,0
1,36.0,series_a,277.72,72.08,13,business,Fintech,0,4,31.4,1
5,36.0,seed,58.85,78.52,14,business,SaaS,1,3,21.2,1
4,36.0,seed,97.53,76.29,14,technical,AI,3,1,24.9,1
6,14.4,angels,5.91,57.31,11,business,SaaS,2,1,12.2,0
8,14.9,angels,5.39,60.13,15,business,AI,2,1,12.6,0
8,36.0,bootstrap,46.5,20.0,12,technical,E-commerce,1,1,3.0,1
5,13.4,angels,30.2,73.84,5,first_time,Healthtech,2,3,10.5,1
3,36.0,angels,82.22,46.94,3,business,AI,1,0,10.4,1
4,5.4,bootstrap,15.13,53.69,4,technical,SaaS,2,2,1.0,0
2,36.0,bootstrap,21.63,20.0,9,first_time,Fintech,0,0,0.3,1
8,36.0,seed,85.54,68.85,3,first_time,SaaS,3,1,24.5,1
7,36.0,angels,35.5,41.55,4,first_time,SaaS,2,3,10.7,0
7,16.6,angels,29.21,58.58,10,technical,E-commerce,0,2,11.1,1
3,10.0,bootstrap,14.0,39.76,5,business,AI,1,2,2.7,1
3,12.9,angels,8.52,55.49,11,first_time,SaaS,2,3,14.5,1
7,36.0,angels,70.2,34.12,15,technical,E-commerce,1,3,10.2,1
5,15.6,angels,9.58,49.15,2,technical,AI,3,2,11.1,0
6,22.0,angels,13.58,47.3,10,first_time,Fintech,2,1,13.6,1
4,10.0,bootstrap,15.23,42.43,13,technical,Healthtech,2,0,2.6,0
4,36.0,series_a,64.9,94.84,3,technical,AI,1,4,33.0,1
6,19.2,bootstrap,13.41,37.26,12,technical,Fintech,2,1,0.1,0
7,36.0,angels,101.05,30.86,8,first_time,E-commerce,0,0,14.3,1
3,18.4,bootstrap,9.95,36.61,10,first_time,SaaS,0,2,2.9,0
7,36.0,angels,121.08,89.17,1,business,AI,1,1,14.2,1
2,5.0,bootstrap,24.87,59.69,7,technical,E-commerce,0,0,4.8,0
4,36.0,series_a,96.11,35.38,6,business,SaaS,1,4,33.7,1
8,36.0,angels,55.04,50.95,3,technical,SaaS,1,0,10.2,1
8,18.8,seed,20.69,78.98,12,first_time,E-commerce,2,3,23.6,1
8,36.0,bootstrap,25.77,32.27,8,business,Fintech,1,1,2.8,1
3,36.0,bootstrap,46.17,28.1,14,technical,Fintech,1,0,0.5,1
7,36.0,angels,65.52,46.0,3,business,SaaS,1,2,11.4,1
8,15.5,angels,5.56,58.28,11,technical,Fintech,2,1,10.8,1
8,36.0,angels,27.62,32.77,10,business,AI,2,2,14.6,1
1,17.2,series_b,4.02,112.83,10,first_time,AI,1,3,44.0,1
6,36.0,seed,39.34,64.16,5,technical,Fintech,1,3,23.5,1
8,30.8,series_b,23.0,80.97,11,technical,AI,3,4,43.8,0
7,6.5,bootstrap,17.24,51.87,4,technical,SaaS,1,2,3.0,1
2,30.6,seed,2.85,41.82,12,business,E-commerce,2,2,24.3,0
7,36.0,angels,158.23,41.67,7,business,Fintech,1,1,11.1,1
1,36.0,seed,34.49,56.42,8,first_time,AI,0,2,21.3,1
4,36.0,series_b,213.42,127.16,9,business,AI,3,4,43.0,1
6,35.0,seed,21.89,54.72,2,first_time,AI,1,4,24.1,1
4,36.0,series_a,150.02,47.68,6,first_time,SaaS,1,4,34.2,1
6,36.0,seed,37.79,56.27,4,first_time,SaaS,2,2,24.9,1
2,23.0,bootstrap,26.85,41.83,15,business,SaaS,1,0,3.8,0
5,36.0,seed,241.31,76.76,7,technical,Healthtech,2,2,21.2,1
6,36.0,angels,63.2,84.15,1,technical,Fintech,1,1,11.2,0
6,17.2,series_a,16.83,101.1,1,technical,Healthtech,2,4,32.2,1
3,36.0,series_a,264.68,82.82,14,business,E-commerce,3,4,33.3,1
3,36.0,bootstrap,37.05,21.63,3,technical,AI,0,1,2.6,1
3,36.0,bootstrap,54.92,59.36,1,technical,AI,2,2,0.3,0
4,36.0,bootstrap,63.7,29.47,4,technical,Fintech,1,1,2.4,1
5,29.6,angels,17.58,40.13,4,business,AI,1,1,14.1,0
3,21.1,bootstrap,11.18,28.74,2,first_time,E-commerce,0,0,1.2,0
4,36.0,seed,126.35,46.22,15,business,E-commerce,2,3,23.2,1
3,15.0,angels,3.35,43.02,1,technical,SaaS,1,3,11.3,0
2,36.0,series_a,44.71,76.5,11,technical,AI,1,3,32.8,1
6,3.2,bootstrap,12.11,45.96,13,first_time,E-commerce,1,1,3.5,0
7,36.0,angels,116.82,44.18,10,first_time,E-commerce,2,1,11.0,1
3,36.0,bootstrap,79.76,20.0,2,business,SaaS,1,1,3.7,1
7,36.0,series_a,18.75,55.94,11,technical,Healthtech,1,3,33.4,0
5,22.5,bootstrap,19.27,38.14,5,technical,Healthtech,1,1,1.6,0
2,36.0,bootstrap,36.75,36.09,7,technical,SaaS,1,1,4.5,0
3,8.4,bootstrap,11.7,26.69,4,first_time,Fintech,2,0,3.9,1
1,36.0,series_a,89.66,72.99,12,technical,Fintech,1,3,32.6,1
1,7.7,bootstrap,7.29,40.83,9,first_time,Fintech,0,3,0.4,0
3,36.0,seed,128.0,85.86,3,technical,Fintech,2,3,22.2,1
4,36.0,seed,124.99,53.3,7,technical,Healthtech,3,2,21.6,1
7,36.0,seed,49.53,66.33,12,business,E-commerce,3,1,21.3,1
2,4.9,bootstrap,12.05,49.37,15,business,AI,0,1,3.2,0
7,31.0,bootstrap,8.64,23.36,15,business,AI,2,1,4.6,0
2,12.1,angels,4.31,49.77,3,business,SaaS,1,0,10.7,0
2,36.0,bootstrap,22.7,34.43,13,technical,Healthtech,0,1,3.7,0
6,36.0,seed,182.97,45.33,9,first_time,SaaS,2,1,23.1,1
7,16.4,angels,7.53,52.53,12,first_time,E-commerce,2,4,13.3,0
5,32.9,angels,30.6,50.47,6,technical,Healthtech,3,1,14.2,1
1,36.0,bootstrap,59.72,43.33,10,technical,Healthtech,0,2,1.9,1
1,36.0,angels,97.58,32.2,4,business,SaaS,0,1,12.9,1
4,36.0,bootstrap,36.3,35.15,8,first_time,AI,2,1,1.4,0
4,14.2,seed,1.4,85.73,4,technical,AI,2,3,21.4,0
8,10.9,bootstrap,31.47,66.16,6,technical,Healthtech,3,0,2.6,0
3,28.2,series_b,52.42,114.2,7,first_time,Fintech,3,3,40.0,1
2,36.0,seed,126.11,47.34,13,business,Healthtech,0,2,21.2,0
8,2.7,bootstrap,7.05,41.77,10,business,Fintech,1,2,0.8,0
2,13.5,bootstrap,0.09,27.75,10,technical,AI,0,0,0.6,0
1,20.7,bootstrap,19.64,39.26,5,technical,Healthtech,1,2,1.9,0
4,32.6,bootstrap,9.54,23.42,7,business,E-commerce,1,1,0.5,0
4,36.0,bootstrap,24.65,20.0,8,technical,SaaS,0,0,0.8,0
5,36.0,series_a,38.51,74.83,12,business,AI,1,4,33.3,0
8,36.0,seed,131.65,75.84,3,business,SaaS,2,2,23.3,0
8,22.7,bootstrap,19.33,39.32,1,technical,E-commerce,2,2,4.7,0
3,13.2,angels,16.97,56.04,8,business,Fintech,0,0,14.6,1
8,26.6,bootstrap,35.36,38.25,13,business,AI,3,1,4.4,0
6,36.0,series_b,352.48,101.07,12,business,Healthtech,3,3,43.5,1
1,36.0,bootstrap,63.78,42.94,13,first_time,Fintech,1,1,1.3,1
8,36.0,seed,334.99,60.88,6,first_time,AI,2,2,20.9,1
2,36.0,seed,103.76,66.24,4,first_time,Healthtech,1,1,24.7,0
5,6.1,bootstrap,26.53,61.15,10,technical,Fintech,0,0,4.8,0
7,5.0,bootstrap,2.2,37.13,1,business,AI,2,0,2.5,0
2,17.2,angels,14.68,50.64,14,technical,AI,0,1,12.7,0
3,36.0,series_a,42.82,81.54,11,business,AI,0,2,30.0,1
4,36.0,angels,44.69,46.73,8,first_time,AI,1,2,10.7,0
8,36.0,seed,151.97,58.47,3,business,AI,3,3,22.7,1
2,36.0,seed,53.56,68.13,4,first_time,Fintech,1,2,20.9,1
6,36.0,series_a,33.89,72.41,15,first_time,E-commerce,2,3,32.4,0
4,36.0,angels,28.94,47.82,1,business,Fintech,1,1,14.0,0
1,18.5,angels,2.1,38.14,1,first_time,AI,1,0,14.0,0
6,29.7,seed,26.77,66.62,6,business,E-commerce,1,2,24.3,1
7,5.0,bootstrap,1.2,43.76,4,technical,Healthtech,2,1,1.2,0
5,36.0,series_a,86.08,76.82,11,first_time,E-commerce,2,4,32.2,1
2,36.0,bootstrap,73.4,20.0,1,technical,SaaS,0,0,3.1,1
2,10.7,bootstrap,15.26,43.86,12,business,SaaS,1,0,2.9,0
4,36.0,series_a,165.62,81.8,12,first_time,SaaS,2,3,35.0,1
5,36.0,bootstrap,32.62,20.1,4,first_time,AI,0,0,1.4,0
5,24.4,bootstrap,27.1,46.6,9,first_time,Fintech,0,0,0.4,1
2,36.0,bootstrap,50.33,20.0,11,first_time,SaaS,1,0,1.9,0
5,36.0,angels,49.0,65.68,13,first_time,Fintech,2,4,12.6,1
3,36.0,series_a,115.09,79.14,11,technical,E-commerce,2,3,31.9,1
6,26.2,bootstrap,11.65,20.0,15,technical,E-commerce,0,0,1.6,0
7,36.0,bootstrap,38.04,37.67,2,business,SaaS,0,1,1.3,1
6,14.9,angels,12.38,43.91,10,technical,Healthtech,1,2,12.1,1
1,36.0,series_b,185.05,86.65,12,first_time,Fintech,2,2,43.4,1
8,36.0,bootstrap,107.68,23.93,4,business,E-commerce,2,3,0.7,1
1,35.1,series_b,44.66,93.09,4,first_time,Healthtech,0,3,44.3,1
8,36.0,series_a,159.93,72.72,2,business,Healthtech,2,3,33.2,1
1,36.0,bootstrap,39.46,20.0,15,business,SaaS,1,0,0.5,1
5,17.8,series_a,8.83,99.08,13,technical,E-commerce,0,3,30.1,1
1,36.0,seed,98.61,61.33,2,technical,SaaS,1,2,20.3,1
1,36.0,angels,41.6,39.02,4,business,E-commerce,1,1,10.5,0
6,36.0,angels,36.75,33.07,7,first_time,Healthtech,2,2,13.2,1
6,36.0,series_a,246.02,91.56,14,first_time,SaaS,2,4,34.7,1
1,36.0,seed,33.93,45.52,13,first_time,Fintech,1,2,20.7,0
8,36.0,seed,339.01,67.01,14,business,E-commerce,3,3,21.4,1
3,36.0,series_b,105.38,86.25,13,business,AI,2,4,44.3,1
3,21.5,angels,4.64,42.12,10,technical,AI,2,0,12.5,1
3,26.4,series_a,11.26,63.45,5,first_time,AI,1,4,32.1,0
4,36.0,series_a,203.44,70.7,10,business,AI,2,4,32.4,1
2,36.0,bootstrap,40.67,35.13,8,first_time,Fintech,0,1,0.5,1
4,21.0,bootstrap,33.67,38.53,15,business,SaaS,1,1,1.1,1
2,17.5,angels,5.29,38.22,7,business,Fintech,1,2,14.8,1
1,36.0,series_a,119.13,78.64,12,technical,SaaS,1,4,33.2,1
3,36.0,bootstrap,154.72,48.33,3,business,SaaS,0,2,1.4,0
6,36.0,seed,126.3,40.06,11,first_time,SaaS,2,1,24.7,1
7,3.9,bootstrap,8.04,34.91,7,technical,AI,2,1,2.0,0
3,36.0,angels,86.76,35.74,7,business,SaaS,0,2,10.7,1
3,25.9,seed,6.27,49.21,12,business,Fintech,2,2,24.8,0
7,10.2,bootstrap,10.23,38.92,8,business,SaaS,1,1,3.3,0
6,36.0,series_a,281.37,71.82,1,first_time,AI,1,4,33.8,1
7,36.0,bootstrap,43.34,20.0,6,technical,E-commerce,1,1,0.1,0
8,36.0,series_a,177.25,99.86,15,first_time,Healthtech,2,4,31.4,1
7,6.4,bootstrap,29.57,48.8,15,first_time,Fintech,2,1,4.7,1
8,36.0,series_b,300.11,66.02,10,technical,Fintech,2,3,40.8,1
4,36.0,seed,30.23,42.88,10,business,Fintech,2,0,24.4,1
4,36.0,bootstrap,77.34,43.9,4,technical,E-commerce,0,0,3.9,1
3,36.0,bootstrap,43.48,30.73,12,technical,Healthtech,0,1,1.9,0
2,2.5,bootstrap,2.47,57.51,9,technical,SaaS,0,1,4.4,1
6,36.0,angels,97.27,59.25,1,technical,Healthtech,2,3,14.6,0
6,36.0,series_a,98.7,84.49,15,technical,AI,2,2,34.3,1
7,36.0,angels,47.48,34.67,13,business,E-commerce,2,1,12.0,0
2,36.0,angels,98.8,57.37,2,technical,SaaS,1,4,12.9,1
4,36.0,angels,25.78,30.86,7,first_time,Fintech,1,4,11.5,0
2,12.5,angels,4.59,69.58,12,technical,Healthtech,0,3,10.6,1
8,36.0,seed,285.11,71.33,12,first_time,AI,3,2,24.5,1
3,36.0,angels,187.91,37.63,3,business,SaaS,1,3,14.9,1
2,36.0,seed,131.39,77.07,1,business,E-commerce,0,4,20.3,1
5,36.0,series_b,228.44,128.62,15,technical,Healthtech,2,4,43.4,1
8,36.0,angels,93.77,46.74,14,first_time,AI,1,0,14.7,1
8,36.0,bootstrap,137.92,43.26,12,first_time,SaaS,2,1,3.0,1
1,3.8,bootstrap,2.52,28.52,10,technical,Healthtech,0,2,0.2,0
3,18.5,angels,2.99,51.28,11,business,SaaS,2,2,10.1,0
2,24.8,bootstrap,8.92,20.0,7,technical,Fintech,1,1,2.5,0
3,36.0,series_b,133.69,94.99,11,technical,Healthtech,2,3,44.7,1
5,36.0,seed,126.54,65.65,5,technical,SaaS,2,2,21.4,1
3,25.3,angels,42.67,76.98,2,business,E-commerce,1,1,11.8,1
1,36.0,seed,98.43,38.07,5,first_time,E-commerce,1,2,24.0,1
5,13.4,bootstrap,16.75,30.79,5,technical,E-commerce,0,1,4.0,0
1,36.0,series_a,75.84,99.32,5,first_time,SaaS,2,3,34.7,1
2,8.0,bootstrap,12.87,31.37,8,technical,Healthtech,0,1,4.2,1
1,36.0,seed,82.0,62.43,2,technical,AI,2,3,23.0,1
1,27.9,series_b,19.72,82.5,7,business,Healthtech,2,3,44.7,1
4,25.9,seed,7.42,51.01,7,first_time,Healthtech,2,2,23.1,1
7,36.0,series_a,81.86,52.61,3,business,Healthtech,1,2,33.0,0
7,36.0,angels,25.37,40.56,7,first_time,AI,2,1,10.1,1
1,36.0,series_a,52.09,65.16,11,business,SaaS,0,2,32.3,0
1,36.0,angels,134.43,51.77,7,business,Fintech,1,2,10.2,1
3,36.0,seed,486.06,53.18,1,business,E-commerce,1,4,24.5,1
6,36.0,bootstrap,26.9,27.81,11,first_time,SaaS,2,1,0.1,1
6,7.1,bootstrap,4.86,28.22,9,technical,Healthtech,2,0,1.5,1
7,36.0,angels,88.88,49.28,7,first_time,SaaS,1,1,15.0,1
3,36.0,bootstrap,22.94,27.07,1,technical,AI,2,0,4.0,0
2,36.0,seed,125.07,49.07,2,first_time,Healthtech,1,2,23.8,1
1,36.0,series_a,118.67,81.29,2,business,Healthtech,1,3,33.6,1
2,20.1,series_b,17.31,111.01,13,technical,Fintech,2,3,40.3,1
1,36.0,bootstrap,29.71,36.93,5,business,Healthtech,0,1,1.4,0
7,36.0,series_b,153.07,85.85,7,first_time,Fintech,3,4,44.0,1
3,36.0,bootstrap,101.5,33.15,11,business,Healthtech,0,2,4.5,1
7,36.0,angels,138.92,20.0,10,business,Fintech,0,3,11.8,1
5,36.0,series_a,500.0,77.91,1,technical,Healthtech,3,3,31.3,1
5,36.0,bootstrap,79.91,28.99,14,business,E-commerce,0,0,1.2,0
4,19.2,bootstrap,3.42,21.0,4,technical,SaaS,0,2,2.7,0
7,17.1,bootstrap,1.85,23.72,12,business,AI,0,1,1.5,0
1,36.0,angels,121.23,43.85,13,first_time,Healthtech,0,0,10.1,1
1,36.0,series_a,179.66,94.89,9,business,E-commerce,1,4,32.0,1
4,9.4,bootstrap,2.71,51.38,3,technical,Healthtech,0,0,2.8,0
4,11.4,bootstrap,3.99,21.08,9,first_time,Fintech,1,1,3.2,1
5,36.0,angels,73.36,42.23,4,business,SaaS,1,2,11.7,1
6,8.0,bootstrap,16.66,27.61,13,first_time,Fintech,2,0,1.6,0
5,36.0,seed,119.78,77.14,12,technical,Healthtech,1,3,21.4,1
3,36.0,series_b,63.47,97.18,13,business,Healthtech,1,3,43.1,1
3,29.2,seed,25.33,66.39,13,technical,Healthtech,3,2,21.4,0
7,36.0,series_a,386.17,88.04,3,technical,Fintech,3,3,34.6,1
2,25.3,angels,23.01,41.05,1,technical,AI,0,1,11.4,1
5,36.0,series_a,282.91,100.46,10,business,Healthtech,3,3,34.0,1
5,20.4,bootstrap,10.84,34.97,10,technical,Fintech,0,4,1.6,0
7,2.9,bootstrap,0.09,22.16,13,business,E-commerce,2,0,3.2,0
6,19.5,seed,1.16,61.56,10,technical,AI,2,2,23.5,1
4,14.8,bootstrap,19.74,53.48,13,technical,E-commerce,0,0,0.9,0
3,36.0,series_a,142.08,73.62,6,first_time,Healthtech,3,4,31.9,1
3,15.4,seed,9.22,79.24,2,technical,SaaS,2,1,20.6,0
4,36.0,series_b,70.45,85.62,1,technical,E-commerce,2,2,42.6,1
2,36.0,bootstrap,15.65,23.52,7,technical,Healthtech,0,0,4.5,0
6,20.8,angels,31.87,59.89,1,first_time,AI,3,1,13.0,0
2,36.0,seed,137.81,51.89,8,business,Fintech,2,4,23.5,1
6,8.3,bootstrap,13.73,47.34,7,first_time,E-commerce,1,1,1.4,0
7,36.0,angels,51.12,55.27,4,technical,Healthtech,2,0,12.3,1
8,36.0,seed,71.12,51.9,9,technical,AI,2,2,23.7,1
1,36.0,series_b,71.96,93.93,11,business,AI,2,4,40.7,1
7,27.4,seed,11.79,56.77,1,first_time,E-commerce,0,2,20.6,0
1,12.0,bootstrap,9.7,40.23,8,business,AI,0,2,1.1,0
3,7.7,angels,0.21,78.32,15,business,E-commerce,1,0,11.2,0
2,36.0,angels,33.73,44.44,5,technical,SaaS,1,2,14.8,1
2,9.8,bootstrap,32.04,43.01,12,first_time,E-commerce,2,2,0.8,0
2,36.0,angels,55.7,50.37,6,business,Fintech,0,1,10.5,1
1,36.0,bootstrap,58.71,35.36,5,business,Fintech,0,2,0.7,1
7,10.5,bootstrap,23.07,32.52,13,technical,Healthtech,2,1,1.0,0
1,36.0,angels,16.84,37.14,6,first_time,AI,0,2,11.8,1
4,5.4,bootstrap,7.37,40.03,13,technical,AI,1,1,1.0,0
6,36.0,angels,75.72,45.67,10,technical,Healthtech,2,1,10.4,1
8,24.0,bootstrap,3.3,21.43,13,business,AI,1,0,0.7,0
7,14.3,seed,9.31,80.21,13,first_time,E-commerce,3,3,23.9,0
2,36.0,bootstrap,89.37,36.49,14,first_time,Healthtech,1,1,2.6,1
8,36.0,series_a,79.54,76.58,9,first_time,Healthtech,3,2,33.7,1
6,9.3,bootstrap,17.83,55.1,15,technical,SaaS,0,1,0.9,0
2,36.0,angels,58.81,22.46,1,technical,Healthtech,1,1,11.5,1
4,36.0,bootstrap,65.0,54.09,8,first_time,E-commerce,0,0,4.9,0
8,36.0,bootstrap,50.56,21.8,6,technical,AI,2,2,0.4,1
4,36.0,angels,38.72,53.17,2,business,Fintech,3,1,12.2,0
2,36.0,series_a,156.51,71.18,14,technical,Healthtech,2,2,31.5,1
8,36.0,series_a,79.81,66.15,13,first_time,AI,3,4,30.0,0
8,36.0,bootstrap,63.18,54.71,12,first_time,Fintech,1,0,2.8,0
8,8.2,bootstrap,31.33,62.84,10,technical,AI,3,0,2.8,0
8,36.0,seed,81.42,61.68,10,business,AI,1,2,21.6,1
7,36.0,angels,56.14,55.03,6,technical,SaaS,1,1,12.4,1
4,1.7,bootstrap,3.76,35.85,11,technical,Healthtech,0,2,2.0,0
2,36.0,seed,204.33,90.96,15,first_time,AI,0,2,22.3,0
5,36.0,angels,175.77,20.0,4,business,E-commerce,0,0,14.2,1
2,20.7,seed,17.72,70.66,6,technical,Healthtech,1,2,23.6,0
4,13.9,angels,3.02,39.09,2,first_time,Healthtech,0,1,11.4,1
6,36.0,angels,31.54,20.0,14,technical,AI,3,2,11.2,1
8,3.6,bootstrap,13.6,29.59,8,first_time,SaaS,1,1,3.6,1
3,36.0,seed,81.31,92.72,9,first_time,E-commerce,1,0,21.1,0
3,3.1,bootstrap,5.92,25.16,4,business,Fintech,1,1,4.5,0
6,21.7,seed,35.01,76.86,1,first_time,SaaS,0,3,24.2,0
1,36.0,seed,61.65,82.98,13,business,SaaS,0,3,21.3,0
5,18.5,seed,9.0,64.81,13,business,Healthtech,2,3,24.0,1
6,15.8,bootstrap,5.68,36.81,6,first_time,E-commerce,2,1,1.0,0
5,36.0,bootstrap,39.26,20.0,12,technical,AI,3,0,0.1,1
4,15.9,angels,6.79,39.26,9,first_time,AI,1,1,14.8,1
7,36.0,angels,178.35,63.61,10,business,AI,2,4,13.8,1
3,36.0,series_a,129.23,80.91,3,first_time,Fintech,1,2,32.4,1
6,36.0,angels,115.38,55.51,10,first_time,Fintech,2,0,14.2,1
4,24.8,series_a,22.63,82.0,3,first_time,E-commerce,3,1,30.4,1
1,6.2,bootstrap,11.4,67.88,4,first_time,SaaS,0,1,3.7,0
5,36.0,angels,96.96,43.54,6,business,Healthtech,2,0,14.8,0
1,5.0,bootstrap,16.79,59.08,4,business,SaaS,0,2,4.1,0
8,36.0,seed,355.38,67.0,14,first_time,E-commerce,3,1,22.2,1
5,7.8,bootstrap,37.2,60.41,1,first_time,Fintech,1,1,1.7,1
3,36.0,bootstrap,125.61,20.0,14,first_time,Healthtech,1,1,4.5,1
4,29.6,seed,24.33,67.77,3,business,Fintech,1,3,21.5,0
5,36.0,angels,158.3,44.09,14,technical,Fintech,1,2,14.7,1
3,12.3,bootstrap,4.34,37.09,6,first_time,E-commerce,0,1,1.6,0
3,36.0,bootstrap,50.27,53.34,14,first_time,AI,2,1,0.6,1
4,36.0,angels,49.98,55.68,9,technical,Fintech,0,1,11.2,1
3,1.7,bootstrap,0.75,53.31,8,technical,Fintech,1,1,2.6,0
7,16.5,bootstrap,0.43,24.95,2,technical,AI,1,2,0.7,0
1,36.0,seed,110.07,52.66,7,first_time,Healthtech,2,1,21.9,1
7,5.0,bootstrap,6.65,35.24,9,technical,Fintech,3,0,4.5,0
3,19.5,angels,11.83,49.42,15,business,SaaS,2,1,10.5,0
5,36.0,angels,166.04,47.21,4,first_time,Fintech,2,0,13.1,1
2,5.5,bootstrap,4.28,20.62,2,first_time,E-commerce,0,1,2.0,0
4,13.1,bootstrap,15.31,52.98,4,business,SaaS,0,0,3.2,0
7,8.1,bootstrap,9.86,29.56,4,technical,Healthtech,1,2,2.4,0
3,26.8,bootstrap,45.94,56.39,15,technical,Healthtech,1,1,4.4,0
2,36.0,bootstrap,57.67,35.19,3,business,E-commerce,0,0,2.0,0
5,36.0,series_a,67.72,89.73,15,business,Healthtech,2,3,32.5,0
2,36.0,series_a,160.04,88.37,2,technical,E-commerce,0,4,30.7,1
3,29.0,angels,12.07,37.64,13,first_time,Healthtech,2,0,12.5,0
4,36.0,angels,138.47,55.51,7,business,AI,0,0,10.6,0
5,9.1,angels,3.14,78.92,1,first_time,AI,1,2,12.9,0
6,36.0,series_a,213.89,83.77,10,technical,Healthtech,2,2,32.1,1
6,17.1,bootstrap,21.63,48.52,11,business,AI,1,0,3.9,0
7,4.6,bootstrap,23.62,45.4,13,technical,AI,2,1,2.1,0
1,36.0,bootstrap,44.26,39.61,3,business,Healthtech,0,0,3.2,1
3,9.5,bootstrap,8.02,37.8,10,technical,Fintech,1,0,0.3,0
1,31.0,bootstrap,28.24,43.21,9,technical,Fintech,0,1,3.6,1
1,36.0,series_a,86.6,91.45,7,business,AI,0,2,34.8,1
2,36.0,series_a,110.9,59.72,14,technical,Fintech,2,2,32.2,1
5,18.3,bootstrap,14.17,38.71,7,business,E-commerce,0,1,0.0,0
8,15.1,angels,6.23,47.24,6,technical,SaaS,1,1,13.0,1
7,36.0,angels,128.02,44.13,8,first_time,E-commerce,0,0,10.7,1
6,36.0,angels,49.8,69.44,14,technical,Healthtech,1,1,12.3,0
7,36.0,angels,26.81,39.0,14,first_time,Fintech,1,3,10.2,0
2,36.0,bootstrap,35.28,20.0,11,technical,AI,0,1,2.2,1
7,22.0,series_a,26.65,91.94,2,business,E-commerce,3,4,34.4,1
8,36.0,series_b,433.28,73.69,5,first_time,E-commerce,3,4,40.7,1
1,36.0,seed,9.22,36.08,1,technical,AI,1,4,22.5,1
4,36.0,seed,72.83,78.62,2,first_time,Fintech,3,2,21.3,1
7,36.0,angels,176.01,52.38,13,business,Healthtech,2,1,11.3,1
4,36.0,bootstrap,85.74,42.09,13,technical,E-commerce,1,2,3.2,1
7,6.0,bootstrap,8.15,28.36,2,first_time,E-commerce,1,1,3.7,0
8,31.4,angels,3.53,29.23,7,business,Fintech,2,2,14.4,0
4,36.0,bootstrap,15.18,20.0,5,business,E-commerce,1,0,1.4,0
1,25.5,series_a,24.34,75.92,2,technical,Healthtech,2,4,30.4,1
3,36.0,angels,35.17,30.91,6,business,SaaS,1,1,12.2,1
2,15.6,angels,13.37,54.61,2,first_time,Fintech,2,1,12.9,1
4,4.8,bootstrap,0.95,28.06,12,first_time,E-commerce,0,3,3.7,0
5,32.1,series_b,43.67,97.78,15,first_time,E-commerce,2,3,43.8,1
4,36.0,bootstrap,88.79,37.33,7,technical,E-commerce,0,0,4.3,1
2,12.7,bootstrap,3.7,40.8,4,technical,SaaS,1,1,0.2,1
3,6.6,bootstrap,9.23,42.49,8,business,Fintech,0,1,4.9,1
6,36.0,seed,47.38,59.84,15,technical,E-commerce,3,2,24.8,1
1,36.0,series_b,190.94,97.76,3,technical,Fintech,1,4,40.2,1
2,36.0,bootstrap,51.78,38.54,11,technical,Healthtech,0,0,1.6,1
8,36.0,series_a,100.28,43.57,2,first_time,SaaS,2,4,33.8,1
1,36.0,bootstrap,84.16,44.7,5,first_time,SaaS,2,2,2.4,0
4,21.4,seed,20.38,67.25,7,technical,Fintech,1,3,20.0,0
2,36.0,bootstrap,56.95,43.46,6,business,Fintech,0,1,1.8,1
1,36.0,angels,35.59,30.7,3,first_time,Healthtech,2,3,12.9,1
4,36.0,seed,118.14,60.26,12,business,Fintech,2,3,24.4,1
5,19.9,angels,7.3,33.63,11,business,Healthtech,1,0,14.1,0
2,11.6,bootstrap,22.71,46.17,7,technical,E-commerce,1,0,4.7,1
1,36.0,series_a,125.45,58.92,7,business,AI,1,3,32.3,1
2,36.0,series_b,224.39,81.07,2,first_time,E-commerce,1,3,44.0,1
6,36.0,angels,311.67,58.01,10,technical,AI,2,0,10.5,1
7,36.0,seed,233.21,55.56,4,business,AI,3,4,22.6,1
2,36.0,seed,55.46,51.07,5,first_time,E-commerce,2,2,24.6,1
3,4.7,bootstrap,11.42,48.6,13,first_time,Fintech,0,1,4.2,0
3,36.0,series_a,58.5,94.22,10,business,Healthtech,1,4,33.3,1
3,36.0,bootstrap,101.18,45.83,11,technical,AI,1,1,0.7,0
2,16.7,seed,20.79,77.73,4,technical,AI,3,3,20.9,1
1,36.0,bootstrap,114.66,31.53,8,first_time,Fintech,0,0,3.4,1
5,36.0,bootstrap,37.87,31.93,1,business,SaaS,1,0,1.6,0
3,36.0,angels,26.33,40.28,4,technical,Fintech,0,2,11.6,1
3,36.0,angels,125.85,52.52,13,business,Fintech,1,2,14.2,1
3,36.0,series_a,44.99,72.08,8,first_time,E-commerce,2,3,30.1,1
8,36.0,series_b,191.89,88.5,10,technical,AI,3,4,42.0,1
5,4.9,bootstrap,15.97,44.0,12,technical,AI,1,1,1.2,0
4,13.9,bootstrap,20.76,52.77,15,business,AI,2,0,0.1,0
2,36.0,angels,82.11,55.97,2,technical,E-commerce,0,1,11.1,0
7,33.2,angels,61.96,76.91,9,business,SaaS,2,2,10.9,1
8,18.0,angels,1.2,39.42,15,first_time,E-commerce,1,1,12.5,1
1,36.0,series_a,58.09,52.43,3,technical,E-commerce,1,4,32.2,1
8,36.0,seed,59.58,75.72,13,first_time,Fintech,2,3,22.4,0
6,12.8,bootstrap,5.79,23.42,9,first_time,Healthtech,2,0,4.4,0
1,36.0,angels,61.84,45.89,5,business,SaaS,1,2,12.5,0
7,36.0,seed,49.64,38.45,12,first_time,SaaS,2,3,23.2,0
1,36.0,angels,75.34,36.51,14,business,SaaS,1,2,13.2,1
1,21.7,bootstrap,0.17,20.0,3,business,Healthtech,2,0,2.6,0
1,36.0,angels,170.08,43.49,11,technical,Fintech,0,1,11.5,1
4,30.5,angels,18.59,44.08,15,first_time,AI,1,1,14.5,0
5,15.7,bootstrap,14.66,36.35,10,business,Healthtech,2,0,2.2,0
4,36.0,seed,49.07,83.6,9,business,E-commerce,0,2,22.9,0
1,9.0,bootstrap,8.74,45.15,3,first_time,SaaS,0,0,2.8,0
2,36.0,angels,32.34,25.67,7,business,AI,1,1,14.1,1
7,29.2,angels,34.76,59.12,14,technical,AI,2,1,12.7,1
8,15.9,series_a,0.33,81.68,12,technical,SaaS,3,4,32.3,0
7,22.6,bootstrap,12.42,33.53,7,first_time,E-commerce,2,2,2.3,0
1,10.2,bootstrap,1.1,34.66,5,technical,Healthtech,0,3,3.9,0
7,36.0,bootstrap,33.76,38.07,13,business,Fintech,0,1,1.6,0
6,36.0,angels,62.53,39.62,15,first_time,Healthtech,2,1,14.7,1
5,36.0,bootstrap,25.4,32.26,5,technical,AI,2,1,4.2,0
2,36.0,seed,61.82,82.76,13,business,SaaS,1,2,20.7,0
8,36.0,bootstrap,22.08,24.44,5,technical,E-commerce,1,1,1.6,1
4,36.0,bootstrap,63.12,20.0,13,first_time,Healthtech,0,0,4.5,1
1,19.0,angels,13.63,49.07,15,first_time,AI,1,0,11.4,0
2,36.0,seed,77.5,48.04,10,technical,Fintech,0,3,21.6,1
4,36.0,series_a,482.88,54.16,8,first_time,AI,1,4,31.1,1
1,36.0,seed,52.75,59.83,5,business,SaaS,2,2,20.3,1
3,14.5,angels,14.32,71.73,1,business,Fintech,0,3,12.4,0
4,36.0,seed,39.04,64.42,1,technical,E-commerce,2,3,23.8,1
8,36.0,seed,44.33,67.68,13,business,Fintech,1,2,23.3,1
1,36.0,bootstrap,15.24,20.0,10,technical,AI,1,0,0.1,1
5,9.8,angels,8.8,56.57,4,technical,SaaS,2,0,12.6,0
8,36.0,seed,63.7,66.4,9,technical,Healthtech,3,2,21.7,1
7,36.0,bootstrap,30.75,25.03,14,business,Healthtech,2,0,3.2,1
8,15.8,seed,10.18,67.7,10,first_time,E-commerce,2,1,22.0,0
2,18.6,angels,11.83,52.55,14,first_time,Fintech,1,3,14.9,0
7,36.0,angels,26.12,34.11,2,business,SaaS,2,0,14.1,1
8,11.1,bootstrap,29.41,39.98,2,business,SaaS,3,0,3.5,1
3,20.8,seed,20.57,82.96,10,first_time,AI,1,3,22.6,1
4,36.0,series_a,51.85,76.58,9,technical,AI,2,2,33.0,1
5,36.0,bootstrap,45.56,21.99,11,business,Healthtech,0,0,2.2,0
4,36.0,angels,161.32,47.34,15,technical,Fintech,1,2,14.0,1
3,7.2,bootstrap,10.02,47.82,2,business,Healthtech,0,0,4.5,0
8,33.0,bootstrap,6.28,20.0,14,business,E-commerce,1,1,5.0,0
8,36.0,series_b,59.87,103.68,1,first_time,Fintech,3,4,43.0,0
4,36.0,angels,59.64,39.83,8,first_time,Healthtech,0,2,13.4,0
7,14.0,angels,5.03,53.63,13,business,Fintech,2,2,12.0,1
4,2.6,bootstrap,0.89,26.54,11,business,Healthtech,0,0,0.0,0
7,36.0,series_b,500.0,86.49,4,technical,AI,3,4,43.5,1
5,7.8,bootstrap,1.58,57.85,10,business,Fintech,1,1,4.7,0
4,36.0,seed,81.22,43.86,14,first_time,SaaS,1,2,24.3,1
2,36.0,bootstrap,53.19,42.28,4,technical,SaaS,1,2,4.4,1
6,6.0,bootstrap,13.75,60.97,15,business,AI,1,0,2.0,0
3,14.9,seed,1.32,75.28,10,technical,E-commerce,2,1,23.6,0
2,36.0,bootstrap,32.33,20.0,2,technical,AI,0,0,3.2,1
2,25.1,seed,11.35,45.78,5,technical,E-commerce,1,1,22.7,0
8,20.3,bootstrap,4.78,23.73,13,first_time,Fintech,0,2,0.8,0
1,36.0,seed,64.15,67.37,6,business,Healthtech,1,2,22.9,0
7,36.0,seed,64.91,68.39,15,first_time,Healthtech,2,1,21.5,0
7,36.0,seed,278.01,45.92,7,technical,SaaS,1,3,23.5,1
1,12.1,bootstrap,1.78,21.91,6,technical,SaaS,0,1,4.7,0
5,36.0,seed,44.39,52.83,13,first_time,AI,2,4,23.6,1
5,36.0,series_b,410.16,92.29,12,business,E-commerce,3,4,41.3,1
3,5.0,bootstrap,3.04,64.77,4,business,AI,2,1,2.3,1
6,36.0,bootstrap,46.34,21.0,12,business,Healthtech,0,2,2.8,1
4,29.5,series_a,16.29,65.35,4,business,AI,3,2,33.6,0
4,36.0,bootstrap,17.35,20.0,14,technical,Healthtech,0,1,0.7,1
4,36.0,seed,94.74,74.53,1,technical,Fintech,3,1,22.6,0
7,25.8,seed,23.51,64.38,10,business,SaaS,1,2,24.3,1
6,16.5,bootstrap,6.56,21.56,3,technical,AI,1,1,0.1,0
4,36.0,angels,42.74,44.56,11,first_time,Fintech,0,0,13.6,1
8,36.0,angels,19.76,38.13,15,first_time,SaaS,1,2,14.4,1
7,36.0,bootstrap,48.14,39.44,11,first_time,Healthtech,1,1,4.0,1
8,36.0,series_a,132.09,120.27,7,technical,SaaS,3,3,34.7,1
6,7.7,bootstrap,0.46,43.26,13,first_time,Fintech,1,1,3.9,1
4,14.6,angels,16.37,48.61,3,technical,SaaS,1,2,12.6,0
7,36.0,series_a,51.45,70.03,9,technical,Fintech,3,2,32.4,0
3,15.6,bootstrap,6.37,20.0,15,technical,SaaS,1,1,0.2,1
3,36.0,series_a,211.42,91.01,6,technical,SaaS,1,3,30.1,1
4,36.0,bootstrap,81.8,45.19,1,business,Fintech,1,1,3.2,0
8,23.2,angels,7.17,43.01,7,technical,Fintech,3,2,11.4,0
5,7.3,bootstrap,11.27,53.2,8,technical,SaaS,0,1,1.5,1
4,22.3,seed,8.74,65.32,13,technical,SaaS,3,1,24.0,0
4,19.0,seed,16.48,76.62,13,technical,E-commerce,1,2,20.6,1
3,36.0,series_a,236.36,84.44,6,technical,SaaS,2,3,31.4,0
6,34.6,series_b,42.64,92.34,12,business,SaaS,3,4,43.4,1
3,36.0,seed,101.25,50.68,3,technical,SaaS,1,2,20.2,1
5,36.0,seed,42.55,62.82,3,business,E-commerce,2,1,22.6,1
3,36.0,angels,132.28,62.63,10,business,Fintech,0,3,10.4,1
3,29.3,series_a,14.43,72.38,11,technical,Fintech,1,1,33.8,0
8,28.0,seed,30.21,71.6,13,first_time,Fintech,3,2,23.2,1
3,36.0,series_a,74.69,63.76,10,technical,Healthtech,1,3,33.0,0
1,1.4,bootstrap,9.9,46.7,2,first_time,Healthtech,0,0,1.1,0
4,36.0,angels,55.8,54.69,11,business,SaaS,1,2,13.6,1
5,36.0,seed,23.27,46.97,7,first_time,Fintech,1,3,21.5,1
1,36.0,bootstrap,40.43,31.64,4,technical,Healthtech,1,2,2.9,0
3,9.5,bootstrap,7.74,48.97,6,technical,Fintech,0,0,0.5,0
2,36.0,series_b,454.97,76.11,13,first_time,E-commerce,2,2,40.5,1
5,36.0,angels,78.12,33.94,3,first_time,Healthtech,2,2,11.0,1
6,36.0,bootstrap,29.8,33.96,9,business,SaaS,1,0,1.1,0
8,1.9,bootstrap,9.87,67.0,2,technical,Fintech,0,1,0.6,1
4,22.1,angels,2.75,39.91,11,first_time,Healthtech,0,2,10.6,1
7,36.0,seed,44.94,72.43,3,technical,Healthtech,3,2,24.4,1
2,34.4,series_b,44.62,98.9,15,business,E-commerce,3,3,42.8,1
7,23.0,series_b,4.64,86.16,14,business,Healthtech,3,3,43.1,1
5,36.0,seed,86.12,67.42,13,business,Healthtech,1,4,21.4,1
7,36.0,seed,142.21,58.28,6,first_time,AI,2,1,20.3,1
7,23.8,bootstrap,11.05,29.63,12,business,AI,1,3,4.8,1
5,28.0,series_a,5.59,55.08,3,first_time,Healthtech,3,3,30.3,1
3,6.8,bootstrap,0.7,34.63,5,business,AI,0,0,4.1,1
5,36.0,bootstrap,115.0,48.49,2,first_time,E-commerce,2,1,3.3,1
7,36.0,series_b,375.54,95.86,1,first_time,E-commerce,2,4,42.0,1
8,21.0,series_a,19.24,96.36,6,business,SaaS,3,2,33.7,1
8,13.2,bootstrap,34.34,43.7,9,first_time,Healthtech,1,0,3.8,1
2,25.8,seed,26.75,64.11,13,first_time,SaaS,0,4,24.4,1
5,12.5,angels,0.9,40.58,1,technical,E-commerce,3,1,12.7,1
1,14.7,bootstrap,19.39,27.71,7,first_time,AI,0,1,1.1,0
6,21.9,bootstrap,9.34,20.0,11,first_time,Fintech,1,1,2.9,1
8,16.3,bootstrap,6.47,30.99,4,technical,Healthtech,1,1,0.5,0
1,25.7,angels,25.16,52.19,12,first_time,Healthtech,0,1,11.9,1
6,7.5,angels,12.29,75.73,9,technical,Fintech,1,3,13.1,0
8,16.2,angels,12.71,57.92,9,first_time,E-commerce,1,1,11.3,0
7,26.2,bootstrap,6.48,22.03,2,first_time,SaaS,0,0,4.3,0
4,31.7,series_b,15.72,73.41,3,first_time,E-commerce,3,3,44.9,1
1,16.3,seed,2.86,61.9,14,technical,Fintech,0,2,20.4,0
8,36.0,series_a,62.99,92.18,14,first_time,Healthtech,3,3,31.0,1
8,27.7,bootstrap,29.5,31.69,7,first_time,Fintech,3,0,2.4,1
5,17.2,seed,2.46,73.13,9,technical,AI,1,2,20.2,0
8,36.0,series_a,126.54,77.28,9,business,Healthtech,2,4,30.5,1
1,15.8,bootstrap,17.32,45.76,8,business,Healthtech,1,1,4.5,0
5,4.5,bootstrap,0.08,20.0,11,first_time,Fintech,1,1,0.2,0
1,1.8,bootstrap,3.3,59.06,9,business,Healthtech,0,1,1.2,1
8,29.0,bootstrap,4.72,20.0,2,business,E-commerce,2,0,2.1,0
6,13.4,angels,12.3,61.91,2,business,Fintech,2,1,10.1,0
8,23.1,bootstrap,21.12,30.92,13,business,SaaS,2,0,4.1,1
5,11.1,bootstrap,5.61,33.26,12,first_time,Fintech,1,1,4.2,0
1,35.7,seed,36.86,61.38,3,technical,SaaS,1,3,22.0,0
1,36.0,bootstrap,71.52,38.83,1,technical,E-commerce,0,1,1.0,0
3,36.0,bootstrap,125.23,41.86,4,first_time,Healthtech,0,0,4.5,1
6,36.0,seed,63.46,80.88,9,technical,AI,2,3,23.4,1
2,5.2,bootstrap,6.29,56.12,9,first_time,Healthtech,0,1,2.6,0
7,14.5,bootstrap,6.81,39.98,3,first_time,SaaS,1,0,2.0,0
2,7.7,bootstrap,13.83,60.71,3,technical,AI,0,1,2.7,0
4,3.3,bootstrap,13.29,36.39,4,first_time,Healthtech,1,1,1.2,0
2,14.8,angels,15.5,66.16,7,first_time,Fintech,1,2,12.2,0
4,36.0,bootstrap,61.59,41.43,4,business,E-commerce,0,1,3.4,1
4,18.4,bootstrap,16.53,26.76,7,first_time,E-commerce,0,0,2.1,0
1,36.0,series_b,90.55,97.72,1,first_time,Healthtech,3,4,43.4,1
5,36.0,series_a,444.77,87.55,15,first_time,Healthtech,3,3,33.7,1
7,9.0,bootstrap,27.09,34.52,14,first_time,Fintech,1,2,3.8,0
8,36.0,bootstrap,50.45,41.19,6,technical,AI,2,0,2.8,0
3,20.1,angels,34.21,62.98,13,technical,AI,2,1,10.9,1
8,36.0,series_a,263.74,79.65,9,technical,SaaS,3,3,33.5,1
8,36.0,series_a,31.36,35.84,1,business,Fintech,2,3,34.1,1
8,6.0,bootstrap,0.26,60.17,5,business,E-commerce,1,2,0.5,0
3,36.0,bootstrap,46.67,30.54,1,first_time,Fintech,1,0,4.5,0
7,23.8,angels,17.11,37.65,11,technical,Fintech,2,3,14.7,0
5,36.0,series_a,107.92,63.14,12,technical,E-commerce,2,3,33.3,1
1,36.0,series_a,82.31,74.95,10,business,E-commerce,1,3,30.6,0
3,8.8,bootstrap,4.01,26.56,1,first_time,Fintech,0,0,3.3,0
6,26.1,angels,15.56,38.94,4,technical,AI,1,1,11.8,0
2,36.0,bootstrap,92.9,24.77,8,first_time,AI,1,0,1.5,0
4,36.0,seed,272.38,72.95,3,first_time,SaaS,3,2,20.2,1
7,36.0,series_a,81.24,110.46,2,technical,E-commerce,2,4,33.6,0
2,18.9,angels,19.71,62.31,5,technical,Fintech,1,1,12.8,0
4,23.0,bootstrap,30.19,51.84,9,business,AI,0,0,2.3,0
2,36.0,angels,108.75,44.34,2,first_time,Fintech,1,3,11.9,1
5,36.0,angels,171.61,51.57,15,business,AI,2,1,12.1,1
2,22.5,series_a,28.3,86.4,7,technical,SaaS,1,3,32.3,1
8,3.2,bootstrap,7.98,25.11,3,technical,SaaS,1,1,2.4,1
1,23.3,series_a,9.81,73.61,1,first_time,Healthtech,0,2,30.5,0
8,9.3,bootstrap,0.64,47.82,15,business,AI,1,1,1.9,0
7,4.1,bootstrap,9.62,51.35,9,first_time,SaaS,0,1,0.3,0
7,4.1,bootstrap,2.32,36.01,13,technical,AI,2,0,3.9,0
7,36.0,bootstrap,32.27,20.0,12,technical,SaaS,2,0,2.6,1
2,24.1,bootstrap,11.79,30.57,15,business,E-commerce,0,0,4.0,1
8,36.0,seed,21.04,43.38,14,first_time,Healthtech,1,3,22.1,0
5,30.3,bootstrap,23.73,36.13,12,business,E-commerce,2,0,0.8,1
8,17.3,bootstrap,23.91,38.83,13,first_time,AI,2,1,1.5,1
8,9.8,bootstrap,8.65,30.94,13,technical,Healthtech,3,1,1.2,0
5,23.8,bootstrap,28.2,38.63,4,technical,E-commerce,2,1,2.2,1
3,36.0,series_a,339.28,86.25,9,first_time,Healthtech,2,4,33.9,1
1,36.0,series_b,316.06,98.85,15,technical,Healthtech,0,1,40.6,1
1,13.6,bootstrap,2.1,20.0,14,technical,AI,0,2,2.0,0
4,36.0,seed,39.25,61.2,2,technical,Healthtech,1,3,20.5,1
7,36.0,seed,119.03,71.15,2,first_time,E-commerce,3,3,22.0,1
5,36.0,series_b,270.31,118.68,4,first_time,Fintech,2,2,42.9,1
4,4.5,bootstrap,8.45,30.92,12,business,SaaS,3,2,0.3,0
2,36.0,bootstrap,48.91,43.26,6,first_time,SaaS,0,0,0.3,1
5,36.0,angels,47.5,63.17,10,technical,AI,1,0,13.7,1
6,36.0,series_a,255.7,77.05,3,business,AI,3,1,32.0,1
8,36.0,seed,73.47,82.23,1,business,Fintech,1,2,21.8,1
6,36.0,angels,127.88,68.03,12,first_time,AI,0,2,13.4,1
5,9.7,bootstrap,4.57,55.71,5,first_time,SaaS,1,0,0.4,1
8,36.0,seed,322.23,71.88,1,technical,AI,2,2,24.3,1
4,12.7,series_a,7.44,115.4,4,business,AI,3,3,33.9,1
8,36.0,angels,91.45,40.77,5,first_time,Healthtech,1,1,11.9,1
3,10.6,seed,9.84,96.86,7,technical,Fintech,3,2,22.3,1
2,36.0,angels,138.52,61.52,14,first_time,Fintech,1,1,12.0,1
4,7.8,angels,6.48,70.11,3,technical,Fintech,2,1,13.9,0
2,36.0,angels,55.32,45.2,10,business,SaaS,2,2,10.1,1
1,36.0,seed,59.45,77.67,5,business,SaaS,0,2,23.4,0
8,24.5,series_b,37.78,116.4,8,first_time,AI,3,2,41.5,0
7,36.0,angels,120.86,33.69,5,first_time,AI,1,2,13.9,0
2,28.1,bootstrap,18.17,32.55,6,business,SaaS,0,0,4.9,0
7,36.0,angels,54.53,20.0,9,business,SaaS,1,1,11.4,1
1,18.8,bootstrap,9.29,32.33,9,business,Healthtech,0,1,2.2,0
3,36.0,bootstrap,77.83,22.76,3,business,AI,1,0,2.7,1
6,36.0,bootstrap,29.23,31.73,3,business,AI,0,1,2.8,0
3,11.6,angels,32.28,93.85,4,first_time,SaaS,0,1,10.8,0
6,4.8,bootstrap,29.28,60.77,14,business,E-commerce,0,0,2.9,1
7,36.0,bootstrap,37.09,20.0,5,technical,Fintech,1,0,3.6,0
1,24.2,seed,20.7,73.34,9,technical,AI,1,2,24.7,0
1,36.0,bootstrap,42.75,46.98,7,business,SaaS,1,0,3.6,1
8,31.8,seed,20.26,59.93,6,business,SaaS,3,2,23.0,1
5,36.0,series_a,122.0,82.67,1,business,Healthtech,2,4,31.2,1
5,13.4,angels,12.95,54.14,7,technical,AI,1,3,10.5,0
4,9.3,bootstrap,5.84,20.0,15,business,Healthtech,1,1,3.2,0
4,36.0,bootstrap,21.03,20.0,15,technical,Fintech,2,1,3.1,0
6,25.0,angels,19.74,52.58,5,first_time,AI,1,3,14.2,0
5,17.9,angels,1.67,51.49,8,business,E-commerce,2,3,12.2,0
2,36.0,bootstrap,45.62,24.37,5,business,SaaS,0,2,0.9,1
6,36.0,angels,273.32,38.08,14,business,Fintech,1,1,11.1,1
6,36.0,angels,73.07,48.65,9,business,E-commerce,2,1,12.4,0
1,36.0,bootstrap,75.74,48.29,14,first_time,Healthtech,0,1,1.6,0
4,36.0,seed,121.95,63.85,13,business,Fintech,2,2,20.9,1
7,36.0,bootstrap,136.23,59.34,5,business,E-commerce,2,1,0.5,1
5,15.2,bootstrap,16.13,24.56,7,business,SaaS,2,1,2.1,0
2,36.0,series_a,91.22,82.9,9,business,Fintech,2,4,31.7,1
1,21.7,bootstrap,13.22,29.69,4,business,SaaS,0,0,4.8,0
5,36.0,seed,307.21,73.82,13,business,AI,2,2,24.3,1
4,36.0,angels,40.82,38.28,9,business,E-commerce,1,2,10.9,1
8,36.0,bootstrap,63.87,63.91,4,first_time,Fintech,2,1,3.8,0
5,36.0,series_a,13.96,54.64,8,technical,SaaS,2,3,32.4,1
8,4.3,bootstrap,8.83,60.73,13,technical,AI,1,0,4.6,1
2,19.7,bootstrap,24.83,36.35,7,business,E-commerce,0,0,3.0,0
4,34.4,series_a,51.83,88.29,11,technical,Fintech,3,4,31.0,1
2,19.4,seed,28.78,85.02,15,business,Healthtech,1,3,21.0,1
5,34.3,seed,43.09,77.86,6,first_time,Fintech,1,2,24.8,0
2,27.8,bootstrap,6.55,24.05,15,technical,SaaS,1,1,4.6,0
4,36.0,bootstrap,53.0,44.0,7,first_time,SaaS,3,2,2.4,1
3,14.9,seed,33.2,93.01,9,business,Fintech,2,2,22.8,1
2,36.0,bootstrap,28.69,21.69,12,business,SaaS,0,0,2.7,1
1,1.9,bootstrap,4.57,66.78,2,business,SaaS,0,1,3.8,0
5,36.0,seed,154.71,70.79,11,first_time,Fintech,1,3,22.4,1
8,20.3,bootstrap,9.43,28.5,9,technical,AI,2,0,0.6,1
2,36.0,bootstrap,13.91,21.6,10,business,AI,0,1,1.6,1
4,36.0,bootstrap,48.94,31.65,15,business,SaaS,1,1,2.8,0
2,36.0,angels,15.87,20.67,8,business,Fintech,0,0,11.8,1
7,36.0,seed,161.05,58.77,14,technical,Fintech,3,2,24.1,1
4,34.9,series_a,38.25,76.06,9,business,Healthtech,3,3,34.7,1
8,9.7,bootstrap,12.13,20.0,4,business,Healthtech,1,0,1.2,1
2,36.0,bootstrap,63.29,46.22,10,technical,E-commerce,1,1,4.4,0
1,17.3,angels,7.96,46.72,3,business,Healthtech,0,0,13.6,0
5,36.0,angels,26.98,40.46,14,first_time,SaaS,0,2,12.9,1
6,32.7,angels,24.96,45.12,3,first_time,E-commerce,2,2,10.7,0
8,36.0,series_b,152.58,100.33,8,first_time,E-commerce,2,3,42.1,0
7,36.0,angels,46.29,51.1,13,first_time,Fintech,2,2,15.0,1
8,36.0,angels,46.78,39.49,1,first_time,AI,2,1,13.2,0
6,36.0,series_b,140.76,96.88,8,business,E-commerce,3,4,43.0,1
3,36.0,bootstrap,33.72,34.24,8,business,E-commerce,1,1,0.2,0
4,36.0,series_b,500.0,77.91,6,first_time,E-commerce,2,4,41.6,1
2,36.0,angels,90.41,45.67,11,business,SaaS,0,1,12.4,1
4,12.4,angels,21.54,58.69,5,business,E-commerce,2,1,13.2,1
3,29.5,series_b,33.3,103.58,6,first_time,Healthtech,2,4,44.3,1
1,36.0,angels,35.18,46.55,5,first_time,Healthtech,1,1,12.3,1
2,36.0,angels,58.76,60.15,10,technical,Healthtech,0,2,11.4,1
5,36.0,bootstrap,34.81,20.3,14,first_time,Fintech,2,1,1.4,1
3,36.0,seed,59.16,50.77,3,first_time,Healthtech,1,1,20.7,1
8,36.0,angels,42.0,46.23,7,business,E-commerce,2,2,10.7,1
4,3.1,bootstrap,13.98,57.46,4,first_time,E-commerce,0,2,1.5,1
8,36.0,seed,39.79,67.45,4,business,SaaS,3,2,23.8,0
6,36.0,seed,92.02,60.87,15,technical,AI,3,2,22.1,1
1,12.4,angels,29.93,73.16,11,business,Healthtech,0,2,14.3,0
2,36.0,bootstrap,19.95,30.7,15,first_time,Fintech,0,2,4.7,0
6,36.0,angels,114.14,83.52,10,technical,Fintech,1,2,10.4,1
5,36.0,bootstrap,88.83,27.33,10,first_time,AI,1,2,3.6,1
3,9.4,bootstrap,0.52,20.0,11,first_time,AI,1,1,0.4,1
5,36.0,angels,47.21,47.5,10,first_time,SaaS,2,3,10.4,1
8,5.6,bootstrap,9.23,31.26,13,first_time,Fintech,0,0,1.4,0
4,36.0,bootstrap,32.94,22.88,5,technical,Fintech,1,0,0.5,1
1,11.5,seed,5.86,104.03,2,technical,SaaS,1,3,23.3,0
3,25.8,bootstrap,23.32,39.78,8,business,SaaS,1,1,3.6,1
8,23.1,series_b,30.23,101.96,1,technical,SaaS,3,4,43.2,0
7,36.0,series_a,94.74,73.07,1,technical,SaaS,1,4,32.9,1
7,17.7,angels,3.48,41.33,1,business,E-commerce,1,1,13.9,0
8,36.0,series_b,81.4,110.38,2,technical,Fintech,2,3,43.9,0
1,28.6,series_a,5.56,54.86,11,business,AI,2,4,34.4,1
3,36.0,bootstrap,18.66,20.0,9,technical,E-commerce,0,1,3.5,1
1,36.0,seed,218.59,61.29,15,technical,AI,2,2,21.8,1
1,1.5,bootstrap,6.89,55.27,5,technical,Healthtech,1,1,2.6,0
7,35.5,seed,25.28,59.38,5,business,Fintech,1,2,22.5,1
8,36.0,angels,66.15,56.24,8,business,E-commerce,1,1,10.5,1
2,36.0,bootstrap,65.8,35.42,12,first_time,AI,1,3,4.1,0
6,20.8,bootstrap,32.27,54.44,14,business,AI,2,2,4.6,1
5,36.0,series_b,224.77,71.23,11,first_time,SaaS,3,4,44.9,1
1,7.0,bootstrap,1.52,46.04,8,business,SaaS,0,0,1.2,0
8,22.5,bootstrap,12.99,32.02,15,first_time,Healthtech,2,1,0.5,0
7,9.7,bootstrap,8.91,48.87,3,business,Healthtech,2,2,0.6,0
5,13.1,angels,1.78,37.71,8,technical,E-commerce,1,3,14.0,0
6,36.0,series_a,171.67,80.37,4,first_time,Healthtech,2,2,33.2,1
4,36.0,seed,119.42,63.46,3,business,Fintech,3,1,23.8,1
7,19.3,angels,3.52,34.96,6,first_time,AI,2,2,14.5,1
4,36.0,bootstrap,76.63,20.0,12,first_time,Fintech,0,0,1.1,1
8,29.8,bootstrap,10.07,26.29,5,first_time,E-commerce,2,0,1.8,0
1,36.0,angels,65.45,51.95,13,first_time,Healthtech,0,1,14.0,0
2,36.0,series_a,98.78,68.65,10,business,Healthtech,1,4,31.3,1
8,36.0,seed,106.62,60.05,11,first_time,Fintech,2,4,22.5,1
3,36.0,angels,5.09,21.71,4,technical,SaaS,2,1,12.2,0
3,36.0,angels,50.56,44.44,13,technical,Healthtech,0,2,13.0,0
7,12.3,angels,23.54,65.35,4,first_time,E-commerce,2,0,14.9,0
2,8.3,angels,4.33,60.58,6,technical,SaaS,1,2,10.5,0
5,19.3,angels,9.1,48.7,12,business,AI,2,3,12.4,1
3,36.0,seed,60.6,68.65,11,business,E-commerce,1,3,24.8,1
2,36.0,angels,32.97,37.58,5,technical,E-commerce,1,0,11.7,0
8,36.0,series_b,92.7,119.37,4,technical,AI,3,3,43.7,1
2,10.3,angels,20.47,81.02,7,first_time,Fintech,3,3,14.6,0
1,5.8,bootstrap,27.47,37.47,7,first_time,E-commerce,0,1,1.2,0
6,3.9,bootstrap,2.06,73.86,1,business,E-commerce,1,0,0.4,0
7,25.3,angels,17.03,39.8,4,business,E-commerce,1,2,10.4,0
2,36.0,angels,58.53,31.23,3,technical,E-commerce,0,2,10.4,1
6,36.0,angels,157.83,39.36,3,business,AI,2,1,11.8,1
5,36.0,seed,49.06,61.71,6,business,AI,2,2,20.6,0
7,2.5,bootstrap,14.65,69.68,1,first_time,SaaS,0,1,2.0,1
2,28.4,seed,17.68,60.78,11,business,Healthtech,0,3,23.8,1
8,36.0,seed,159.51,52.11,11,business,SaaS,3,1,21.5,1
5,36.0,angels,38.13,36.52,4,business,Fintech,2,1,12.4,1
7,36.0,angels,55.61,67.1,14,technical,Fintech,1,3,10.6,1
3,11.3,bootstrap,6.23,49.96,9,business,Healthtech,1,1,3.5,1
8,36.0,angels,37.5,42.72,5,first_time,E-commerce,1,1,11.6,0
6,36.0,seed,25.45,36.86,3,technical,E-commerce,2,2,20.7,1
2,36.0,series_a,217.77,63.07,7,business,AI,3,4,34.8,1
8,19.4,angels,32.25,75.82,15,business,AI,1,1,13.8,0
7,11.1,bootstrap,29.01,45.33,1,technical,Fintech,1,0,3.3,0
3,36.0,seed,117.42,65.98,1,business,Healthtech,2,1,23.6,1
5,10.7,seed,0.25,93.03,7,technical,AI,1,1,22.1,1
4,1.1,bootstrap,13.14,64.37,14,technical,Healthtech,1,0,1.5,0
5,36.0,series_a,64.45,79.46,5,business,SaaS,3,3,32.5,1
8,36.0,bootstrap,28.39,34.74,12,technical,Healthtech,1,3,4.1,0
8,8.6,bootstrap,7.47,26.27,9,first_time,E-commerce,3,1,4.8,1
2,3.3,bootstrap,13.03,30.73,3,technical,SaaS,1,0,3.0,1
8,36.0,bootstrap,19.57,20.0,14,technical,Healthtech,2,0,1.9,0
4,36.0,series_a,102.1,57.64,3,first_time,SaaS,1,3,33.6,1
6,36.0,angels,123.68,24.16,8,first_time,Healthtech,1,1,13.5,1
7,2.2,bootstrap,14.8,51.27,10,first_time,Fintech,3,1,1.2,1
4,36.0,angels,7.44,26.58,11,first_time,AI,1,2,12.2,1
4,36.0,angels,102.56,79.25,13,technical,AI,2,2,10.7,1
4,9.1,bootstrap,8.08,24.04,11,first_time,Healthtech,0,0,2.0,0
7,36.0,bootstrap,53.08,61.06,10,first_time,Healthtech,1,1,3.8,1
4,29.9,seed,25.69,59.52,3,business,SaaS,1,2,21.6,0
3,12.4,bootstrap,0.61,20.0,5,business,Healthtech,0,1,3.2,1
3,36.0,seed,61.89,84.26,6,business,SaaS,0,4,21.6,1
2,36.0,bootstrap,78.35,56.03,6,business,Fintech,0,0,0.7,1
4,36.0,seed,43.92,51.41,2,technical,SaaS,2,3,23.7,1
1,28.9,series_a,24.15,75.03,2,business,Fintech,2,4,32.9,1
1,11.1,bootstrap,5.23,21.41,7,business,E-commerce,0,1,4.1,1
6,36.0,bootstrap,48.68,33.19,11,first_time,Healthtech,0,1,3.4,0
1,36.0,series_b,155.88,96.62,14,technical,Healthtech,2,4,44.1,1
5,36.0,angels,31.34,44.73,15,first_time,Healthtech,2,2,10.8,0
7,36.0,seed,5.51,37.72,8,business,Healthtech,2,2,23.1,1
6,36.0,bootstrap,24.02,26.29,14,technical,Healthtech,3,1,1.8,0
4,36.0,bootstrap,48.05,45.55,7,business,SaaS,0,1,3.7,0
2,19.9,angels,4.66,46.87,8,business,E-commerce,1,3,12.9,0
8,36.0,series_a,36.43,75.09,4,first_time,AI,2,3,30.3,1
7,36.0,bootstrap,24.15,21.04,10,technical,Healthtech,2,0,2.7,0
5,36.0,seed,178.24,55.85,5,first_time,SaaS,2,1,23.7,1
1,36.0,seed,404.1,86.13,8,technical,AI,2,3,21.3,1
1,36.0,bootstrap,51.49,20.0,15,business,Healthtech,0,1,3.3,1
3,9.2,bootstrap,26.72,45.81,9,business,AI,0,3,4.2,0
2,13.9,bootstrap,10.99,35.71,5,technical,Healthtech,0,0,0.3,0
7,22.7,angels,16.73,53.67,11,technical,SaaS,1,1,12.9,1
2,24.1,seed,0.32,54.01,11,first_time,Healthtech,2,3,24.4,1
3,36.0,angels,32.15,44.72,10,business,Healthtech,0,4,10.6,0
8,36.0,bootstrap,34.5,34.91,1,business,Fintech,1,1,1.3,1
7,36.0,seed,46.49,57.19,4,first_time,Healthtech,2,2,23.1,0
2,36.0,angels,85.89,54.97,2,business,Fintech,0,0,12.9,1
4,36.0,angels,142.42,56.86,15,first_time,Healthtech,2,1,14.0,1
5,11.7,angels,21.45,82.59,5,business,AI,1,0,13.1,1
6,15.0,bootstrap,20.0,39.17,8,first_time,AI,2,1,2.9,0
8,36.0,seed,47.01,36.32,14,first_time,Healthtech,2,4,22.3,1
7,10.7,angels,22.77,67.45,15,technical,AI,2,3,10.4,0
8,36.0,angels,118.57,46.94,4,first_time,E-commerce,1,2,13.0,0
1,3.4,bootstrap,13.57,65.18,13,first_time,AI,0,2,0.8,0
2,15.4,angels,18.67,72.06,11,first_time,SaaS,0,1,15.0,0
5,36.0,seed,298.62,57.42,10,first_time,E-commerce,2,2,20.4,1
1,36.0,bootstrap,44.84,45.83,3,technical,Healthtech,0,0,0.4,0
3,25.5,series_a,5.11,71.09,11,technical,Healthtech,1,3,33.9,0
2,26.9,series_a,20.52,80.04,10,technical,Healthtech,2,3,30.5,0
8,4.8,bootstrap,2.08,45.14,7,technical,Healthtech,1,0,2.0,0
1,12.1,seed,1.2,81.7,9,first_time,AI,1,0,24.6,0
2,36.0,angels,500.0,63.43,4,business,Fintech,1,0,13.9,1
2,36.0,series_b,230.07,96.12,10,first_time,AI,2,4,41.2,1
2,3.6,bootstrap,22.55,72.25,3,first_time,Fintech,0,1,1.3,0
5,36.0,bootstrap,50.46,29.52,5,business,Fintech,1,1,3.0,1
3,36.0,angels,30.81,25.89,8,technical,Healthtech,1,1,12.4,1
8,36.0,bootstrap,142.2,20.0,3,first_time,E-commerce,1,3,0.6,1
3,24.8,seed,45.95,87.11,14,first_time,SaaS,2,3,20.8,1
5,35.7,angels,35.17,48.85,14,technical,AI,1,2,14.0,1
6,36.0,bootstrap,27.19,37.39,8,first_time,Healthtech,2,0,1.7,1
6,36.0,angels,131.64,41.86,9,business,SaaS,1,0,14.0,1
7,26.9,series_a,10.9,73.21,5,first_time,Healthtech,2,3,30.9,1
2,36.0,seed,63.02,53.19,4,technical,Fintech,1,2,23.0,0
5,36.0,angels,70.87,57.07,15,business,SaaS,2,2,12.5,1
7,14.3,bootstrap,1.07,33.54,7,first_time,Healthtech,3,0,1.6,0
7,11.6,bootstrap,11.56,41.53,15,first_time,Healthtech,0,0,3.0,0
5,36.0,series_a,114.12,85.09,2,technical,Fintech,3,2,30.6,0
6,36.0,seed,140.72,58.61,2,technical,SaaS,3,3,24.3,1
7,36.0,angels,151.61,28.12,8,technical,E-commerce,2,2,13.7,1
5,36.0,series_a,52.73,56.81,12,first_time,AI,1,4,31.4,1
8,2.0,bootstrap,44.45,80.4,7,technical,Fintech,0,0,2.9,0
2,36.0,seed,405.44,87.17,13,business,SaaS,2,3,24.5,1
3,10.0,bootstrap,47.22,55.1,2,technical,E-commerce,0,0,2.1,1
1,36.0,bootstrap,36.14,24.88,13,business,E-commerce,1,1,1.8,1
1,19.5,angels,5.52,50.14,7,business,SaaS,0,1,14.0,1
4,36.0,angels,81.43,37.77,5,business,SaaS,3,2,10.0,1
2,24.6,series_b,1.57,75.32,10,first_time,SaaS,2,4,43.4,0
4,6.0,bootstrap,0.13,26.17,12,technical,SaaS,3,1,1.1,1
4,36.0,series_a,167.06,99.89,14,business,Healthtech,2,3,33.5,1
5,16.7,seed,3.2,77.61,2,first_time,SaaS,2,3,22.2,0
8,36.0,seed,28.12,50.45,11,technical,SaaS,2,4,20.1,1
7,36.0,series_b,283.78,90.28,5,first_time,E-commerce,3,4,44.4,1
4,10.5,angels,2.68,61.24,8,technical,AI,1,0,12.7,0
3,26.9,angels,8.01,41.44,7,first_time,E-commerce,1,1,11.6,1
7,19.8,bootstrap,22.1,36.19,12,business,Healthtech,2,0,3.5,0
1,36.0,bootstrap,113.59,41.03,6,business,SaaS,0,0,2.5,1
5,36.0,series_a,133.44,85.86,5,technical,SaaS,3,3,30.2,1
4,36.0,angels,170.86,53.81,8,first_time,SaaS,2,1,13.3,1
2,36.0,bootstrap,80.07,25.19,11,first_time,SaaS,0,0,4.8,1
5,36.0,bootstrap,140.22,26.74,13,first_time,Fintech,0,1,1.1,1
3,36.0,angels,114.89,33.0,1,first_time,Healthtech,0,1,14.3,0
2,36.0,seed,105.31,41.58,9,business,Fintech,0,0,23.1,1
6,2.6,bootstrap,4.34,33.28,2,business,Healthtech,1,0,0.4,0
2,36.0,seed,109.0,77.24,10,technical,SaaS,1,4,23.6,1
6,36.0,seed,71.9,44.3,10,business,Fintech,3,1,22.2,1
2,36.0,seed,78.21,69.09,13,business,E-commerce,1,3,24.0,0
4,6.6,bootstrap,23.6,46.77,3,first_time,Fintech,2,0,3.2,0
7,36.0,seed,147.76,37.45,12,first_time,Healthtech,2,1,20.0,1
2,36.0,bootstrap,58.47,30.94,11,technical,Fintech,0,1,0.6,1
7,10.3,angels,0.88,74.69,10,business,Fintech,1,2,11.8,1
6,36.0,seed,40.96,73.28,10,business,SaaS,3,4,22.4,1
8,36.0,seed,84.31,36.94,9,business,E-commerce,1,3,24.7,1
2,36.0,bootstrap,46.22,44.88,1,business,Fintech,0,0,4.1,1
6,36.0,series_a,110.85,68.78,13,technical,AI,3,3,34.0,0
8,36.0,bootstrap,96.26,45.37,6,first_time,AI,1,0,2.7,0
7,36.0,angels,76.37,39.65,2,business,SaaS,3,2,10.5,1
2,36.0,series_b,40.15,94.2,10,first_time,Healthtech,3,2,43.7,1
7,36.0,angels,91.24,41.94,15,first_time,Healthtech,1,4,10.4,1
1,36.0,series_a,122.56,80.05,11,technical,Fintech,1,4,30.5,1
5,36.0,angels,32.62,41.49,4,technical,E-commerce,0,2,11.3,0
4,20.3,seed,12.72,61.65,13,technical,AI,2,2,24.6,0
5,31.4,seed,8.22,47.37,13,first_time,SaaS,1,2,23.7,0
5,15.9,seed,16.7,72.36,5,first_time,E-commerce,1,1,20.4,1
1,12.9,bootstrap,14.5,37.63,8,business,E-commerce,0,1,4.6,0
5,36.0,seed,101.94,40.75,13,technical,Healthtech,1,2,23.9,0
8,36.0,bootstrap,52.92,49.89,3,technical,Fintech,2,0,3.0,1
4,31.4,series_b,25.87,92.36,6,technical,Healthtech,2,3,40.6,1
3,2.8,bootstrap,1.88,37.43,7,technical,Fintech,0,1,1.6,0
8,3.0,bootstrap,8.89,46.47,1,technical,Fintech,1,1,1.5,0
1,36.0,series_a,174.34,84.92,3,first_time,SaaS,1,3,33.2,1
4,5.8,bootstrap,4.11,52.48,10,business,Healthtech,1,0,2.9,0
5,36.0,angels,80.7,45.6,4,business,Fintech,2,2,11.4,1
4,36.0,seed,120.5,80.52,4,business,E-commerce,1,1,21.6,1
8,36.0,bootstrap,45.85,36.84,5,technical,E-commerce,1,0,2.6,1
4,13.8,bootstrap,10.7,42.61,2,technical,Fintech,2,1,4.2,0
8,27.2,angels,30.1,56.05,10,business,Fintech,2,2,10.6,0
1,6.0,bootstrap,26.75,53.61,4,business,AI,0,1,3.6,1
6,36.0,bootstrap,180.47,45.82,10,technical,SaaS,3,1,5.0,1
5,27.8,bootstrap,11.9,28.36,13,first_time,AI,0,1,3.7,0
2,36.0,angels,54.66,40.38,8,first_time,E-commerce,1,2,12.2,1
2,36.0,bootstrap,76.94,34.25,14,business,E-commerce,1,0,3.7,1
6,36.0,bootstrap,19.47,23.6,3,first_time,E-commerce,1,2,4.3,0
6,36.0,seed,56.15,49.22,15,business,Fintech,2,2,23.8,1
5,36.0,seed,35.99,33.08,5,business,Healthtech,1,3,20.1,1
1,36.0,bootstrap,25.54,20.0,5,business,SaaS,0,0,0.7,0
5,7.9,bootstrap,7.36,64.78,15,business,Fintech,0,0,0.5,1
8,36.0,series_a,74.34,70.15,7,technical,SaaS,3,4,30.2,1
1,16.2,angels,26.51,78.55,12,first_time,AI,1,0,13.6,0
4,36.0,angels,88.68,56.05,13,business,E-commerce,1,0,11.3,1
4,36.0,angels,41.63,49.25,7,technical,AI,1,3,13.6,1
8,36.0,bootstrap,8.84,20.0,5,first_time,Fintech,1,1,3.3,0
3,36.0,series_a,110.31,80.07,8,business,Fintech,2,2,32.6,1
4,36.0,series_a,74.16,108.38,6,technical,SaaS,1,3,30.3,0
6,23.2,series_a,45.65,103.36,7,business,Healthtech,1,3,31.5,0
1,7.7,bootstrap,3.02,39.11,4,first_time,E-commerce,0,2,0.1,0
7,36.0,bootstrap,28.93,20.0,14,first_time,Fintech,2,0,4.6,1
7,36.0,bootstrap,61.54,20.64,9,first_time,Fintech,2,1,1.5,1
6,5.0,bootstrap,4.68,22.21,12,first_time,AI,2,2,0.5,0
6,5.9,bootstrap,12.49,54.17,10,technical,SaaS,1,2,0.0,1
6,36.0,seed,81.24,89.48,6,first_time,E-commerce,3,3,23.1,1
7,5.6,bootstrap,4.2,37.94,5,technical,AI,2,2,3.1,1
8,21.3,series_a,11.82,75.45,15,technical,E-commerce,3,3,35.0,0
4,2.9,bootstrap,0.96,58.23,1,technical,Fintech,1,0,1.4,0
4,18.6,bootstrap,0.42,20.32,5,technical,E-commerce,0,0,0.2,0
6,19.0,series_a,8.17,80.78,12,business,AI,3,3,33.9,0
2,23.5,seed,28.05,71.94,9,technical,E-commerce,0,3,21.5,1
7,36.0,angels,77.08,37.06,10,business,Fintech,2,0,11.7,0
7,36.0,angels,78.34,40.46,1,first_time,Fintech,3,0,14.5,1
6,36.0,bootstrap,18.54,24.29,4,technical,Fintech,1,2,2.9,0
3,11.6,bootstrap,44.73,56.25,9,technical,AI,0,2,2.0,1
3,22.3,angels,40.69,78.72,5,technical,Healthtech,0,3,14.8,0
4,17.6,angels,4.45,51.72,8,business,AI,3,2,11.3,0
6,36.0,seed,44.85,60.98,15,first_time,SaaS,2,1,20.1,0
7,36.0,bootstrap,20.48,26.0,10,business,E-commerce,1,1,1.2,1
6,36.0,seed,50.72,65.03,10,technical,SaaS,1,3,20.2,0
8,36.0,seed,83.93,56.75,3,technical,E-commerce,2,3,22.0,1
8,11.3,bootstrap,8.55,33.54,9,business,Healthtech,0,0,4.2,0
6,32.8,bootstrap,35.42,41.2,15,technical,Healthtech,1,1,4.9,1
3,36.0,angels,69.8,43.92,10,first_time,E-commerce,0,1,13.5,0
5,22.1,seed,19.02,62.16,12,business,AI,2,0,24.6,1
4,36.0,seed,181.95,62.22,15,first_time,Fintech,1,3,22.0,1
6,36.0,seed,41.96,60.24,14,technical,Fintech,2,4,21.5,1
7,36.0,angels,100.27,43.38,6,first_time,AI,2,1,10.8,0
3,16.0,bootstrap,20.3,46.43,5,business,AI,0,0,2.5,0
5,31.2,angels,4.43,23.44,5,technical,AI,2,4,11.6,0
1,1.6,bootstrap,4.67,58.61,12,first_time,E-commerce,0,1,0.5,0
6,36.0,seed,249.33,67.03,6,business,E-commerce,2,3,24.7,1
4,7.8,bootstrap,16.92,44.15,13,first_time,SaaS,0,1,0.6,0
4,36.0,bootstrap,37.55,45.88,13,technical,E-commerce,1,1,3.7,1
5,36.0,angels,43.08,39.38,10,technical,Fintech,1,1,10.3,1
2,36.0,angels,22.43,36.28,2,first_time,SaaS,1,1,12.6,1
5,36.0,seed,201.82,49.52,11,business,E-commerce,2,3,23.4,1
6,27.1,angels,26.31,46.29,4,technical,AI,3,2,11.2,0
3,36.0,series_a,121.59,90.49,9,first_time,AI,2,3,30.4,1
2,27.4,series_a,17.99,71.24,4,business,SaaS,2,4,33.0,1
4,25.2,series_a,30.6,89.12,1,first_time,Fintech,2,3,33.0,1
2,36.0,seed,298.47,29.48,10,technical,Healthtech,1,2,21.6,1
3,36.0,seed,159.35,59.22,7,business,Healthtech,2,3,21.9,1
6,36.0,seed,293.94,82.51,10,business,Fintech,0,2,20.2,1
1,36.0,angels,159.88,47.44,8,technical,AI,1,1,11.5,1
6,36.0,bootstrap,36.08,22.56,6,technical,AI,1,0,4.4,0
2,36.0,angels,92.23,40.15,1,first_time,SaaS,1,1,10.9,0
8,36.0,bootstrap,65.27,20.0,5,business,Fintech,1,0,2.3,1
6,36.0,bootstrap,10.77,20.0,14,first_time,AI,1,1,3.4,0
3,22.2,series_a,28.18,95.86,12,business,Healthtech,2,3,34.0,0
5,2.1,bootstrap,1.79,26.26,7,technical,E-commerce,0,0,0.4,0
1,36.0,angels,52.19,43.03,1,technical,E-commerce,0,3,13.0,1
1,36.0,seed,19.29,30.02,15,technical,AI,2,3,23.1,1
8,36.0,bootstrap,19.97,20.0,12,business,AI,0,1,1.0,1
7,30.8,series_a,57.14,97.85,1,technical,SaaS,3,3,30.2,1
2,18.1,bootstrap,29.8,44.26,4,technical,E-commerce,0,1,4.2,0
3,28.2,series_a,9.31,60.54,3,business,SaaS,2,2,32.2,0
2,36.0,seed,96.21,55.54,14,first_time,SaaS,0,3,20.3,1
4,3.2,bootstrap,1.46,34.56,15,first_time,E-commerce,1,0,2.9,0
3,36.0,bootstrap,10.84,20.0,7,business,Healthtech,0,1,1.9,0
3,36.0,bootstrap,33.81,20.0,3,technical,E-commerce,0,1,0.4,0
5,17.8,angels,12.89,47.61,10,technical,E-commerce,1,2,11.4,1
2,36.0,bootstrap,52.85,43.59,5,first_time,E-commerce,0,1,1.6,1
8,36.0,series_b,433.99,103.88,2,technical,SaaS,3,4,42.9,1
6,2.0,bootstrap,9.65,48.13,4,technical,Fintech,0,1,2.0,0
7,36.0,series_a,129.25,56.7,4,business,AI,2,3,30.5,1
2,14.4,bootstrap,1.87,35.87,1,business,Healthtech,0,1,3.2,0
6,36.0,series_b,356.26,90.97,11,business,Fintech,3,4,43.6,1
7,17.0,bootstrap,6.98,33.69,6,technical,AI,1,2,2.5,1
2,36.0,angels,169.66,46.82,9,technical,E-commerce,1,2,10.3,1
7,36.0,angels,39.51,40.09,9,first_time,SaaS,2,1,10.5,0
3,25.2,bootstrap,5.9,20.0,12,business,SaaS,0,0,4.7,1
7,21.5,series_a,31.69,97.43,12,first_time,Healthtech,2,3,30.9,1
4,36.0,bootstrap,75.46,39.95,9,technical,Fintech,0,2,1.5,1
7,36.0,angels,39.23,27.74,13,business,E-commerce,2,2,13.4,1
2,36.0,angels,104.47,57.1,9,first_time,SaaS,0,3,14.0,1
4,36.0,seed,82.41,58.29,1,first_time,SaaS,1,3,24.6,1
3,36.0,bootstrap,42.13,28.72,13,first_time,Fintech,0,0,2.0,0
2,3.4,bootstrap,7.23,23.47,12,business,Healthtech,0,1,5.0,0
3,20.2,bootstrap,19.51,43.05,7,technical,Fintech,1,0,0.5,1
4,36.0,bootstrap,23.25,23.0,6,first_time,Healthtech,1,0,4.1,0
2,36.0,bootstrap,16.99,20.0,14,business,E-commerce,0,1,1.4,0
6,36.0,series_b,94.56,111.98,7,business,AI,3,4,44.7,1
5,36.0,angels,150.52,47.32,6,business,SaaS,2,1,14.3,1
7,36.0,seed,202.22,62.79,11,technical,Healthtech,2,4,23.8,1
6,36.0,angels,53.14,60.39,5,first_time,Fintech,2,1,13.0,1
2,12.7,bootstrap,2.61,24.99,7,business,AI,0,0,1.1,0
1,22.0,angels,13.16,42.98,12,technical,SaaS,0,1,12.3,0
4,33.6,bootstrap,26.33,39.59,4,technical,SaaS,0,2,0.2,0
4,27.1,bootstrap,3.01,20.0,1,business,E-commerce,1,1,3.5,0
2,15.4,angels,14.71,53.32,6,business,E-commerce,1,2,10.6,1
7,36.0,angels,36.06,38.66,3,technical,AI,3,1,11.3,0
5,36.0,series_b,92.45,107.83,6,business,Fintech,3,4,41.2,1
6,18.4,bootstrap,17.81,43.2,2,business,AI,0,2,3.9,0
1,14.5,angels,3.19,56.22,9,business,E-commerce,1,2,12.0,0
7,9.2,bootstrap,4.79,20.0,8,business,Fintech,0,1,2.7,0
2,36.0,bootstrap,53.37,33.45,5,technical,E-commerce,1,0,1.0,0
4,36.0,seed,44.67,47.34,10,first_time,AI,3,2,21.7,0
4,36.0,bootstrap,104.66,34.45,3,first_time,SaaS,2,1,2.6,0
7,36.0,angels,8.13,20.0,1,business,AI,2,1,11.0,1
3,36.0,angels,68.79,26.89,8,technical,SaaS,1,3,13.4,1
2,3.6,bootstrap,11.93,52.84,3,first_time,AI,1,0,2.2,1
3,36.0,series_b,66.52,100.54,13,technical,AI,2,3,44.9,1
3,36.0,angels,134.59,44.69,5,first_time,AI,0,1,11.2,1
2,36.0,seed,407.48,51.37,7,business,Healthtech,2,2,22.0,1
2,36.0,angels,131.78,33.74,5,business,Healthtech,1,2,14.6,1
2,36.0,series_b,444.78,98.0,7,first_time,SaaS,1,3,44.4,1
4,36.0,bootstrap,33.44,29.85,2,technical,AI,2,3,2.4,1
3,36.0,angels,138.41,73.2,15,first_time,Fintech,3,1,10.6,1
4,20.2,seed,7.96,62.23,3,business,Fintech,2,1,22.0,0
6,29.6,bootstrap,21.38,35.88,6,business,E-commerce,0,1,2.9,0
2,36.0,angels,41.24,29.17,13,business,Healthtech,1,3,11.3,1
8,36.0,series_b,43.98,89.59,7,first_time,AI,3,3,41.0,1
7,15.1,angels,19.09,52.65,11,business,AI,2,2,12.7,0
2,36.0,seed,69.41,59.41,2,business,Fintech,1,3,20.9,1
3,18.4,seed,3.74,57.72,5,business,Fintech,1,1,24.4,0
2,36.0,series_a,113.12,84.9,12,technical,SaaS,2,2,30.4,1
3,17.4,series_a,9.39,102.72,4,technical,E-commerce,0,3,34.9,0
3,12.2,angels,14.16,52.17,7,first_time,AI,2,2,12.7,0
2,14.2,bootstrap,22.31,52.16,2,technical,SaaS,0,1,4.9,0
1,12.6,bootstrap,7.54,44.32,8,technical,SaaS,0,0,3.8,0
4,36.0,seed,379.43,81.27,6,technical,Healthtech,2,4,20.8,1
6,36.0,series_a,95.57,70.85,13,technical,SaaS,2,3,31.1,1
3,36.0,angels,54.5,46.9,6,first_time,SaaS,0,2,10.5,0
7,9.8,bootstrap,0.69,31.96,13,business,Fintech,2,1,3.6,0
3,36.0,bootstrap,76.86,43.19,14,business,E-commerce,1,1,0.8,1
8,22.4,angels,37.19,61.89,13,technical,Fintech,2,1,13.6,1
2,28.1,series_a,28.07,81.88,12,technical,AI,3,4,34.3,1
5,1.3,bootstrap,10.4,48.15,9,first_time,AI,3,0,2.1,1
7,36.0,seed,158.19,56.55,8,technical,AI,1,3,23.3,1
1,36.0,seed,290.61,78.28,2,technical,Fintech,2,2,24.5,1
8,36.0,series_b,113.11,110.24,3,business,E-commerce,3,3,43.8,1
3,3.0,bootstrap,6.84,45.16,6,business,AI,2,2,0.7,1
4,22.3,series_b,22.94,97.01,10,business,AI,1,4,41.5,1
6,13.0,seed,0.67,75.7,1,technical,SaaS,2,2,22.7,1
6,36.0,seed,45.79,51.59,15,technical,SaaS,3,2,21.3,1
1,36.0,bootstrap,82.37,37.98,15,business,SaaS,0,0,2.5,0
7,36.0,angels,73.33,54.51,2,technical,AI,2,2,14.8,1
5,36.0,seed,22.61,45.06,2,first_time,Fintech,1,0,22.3,1
8,30.4,bootstrap,25.71,42.12,13,business,Fintech,2,0,1.3,1
4,36.0,angels,31.28,31.27,3,business,Healthtech,2,2,10.7,0
5,36.0,angels,39.4,43.58,3,first_time,Healthtech,2,1,14.5,1
4,36.0,angels,62.67,50.6,3,business,E-commerce,0,1,11.1,1
8,23.7,bootstrap,5.25,24.04,11,technical,SaaS,1,0,1.0,1
7,36.0,angels,84.28,51.24,2,technical,SaaS,1,0,12.8,1
8,36.0,bootstrap,99.8,36.0,3,technical,SaaS,1,1,2.3,1
5,20.7,series_a,2.94,67.7,6,first_time,Fintech,1,4,31.9,0
7,36.0,series_b,176.05,103.52,10,first_time,AI,2,3,42.9,1
3,36.0,bootstrap,28.14,23.54,15,business,SaaS,0,2,2.8,0
4,1.1,bootstrap,2.67,69.32,4,first_time,Fintech,1,2,0.3,0
7,36.0,bootstrap,24.12,33.36,4,first_time,Fintech,2,0,2.1,1
1,36.0,angels,22.33,32.43,9,business,Healthtech,1,0,13.6,1
6,36.0,series_a,208.4,65.23,7,technical,AI,2,3,31.9,1
1,36.0,angels,87.78,67.21,10,technical,AI,2,1,15.0,1
5,36.0,bootstrap,105.56,28.86,4,first_time,Fintech,1,0,1.2,1
4,36.0,bootstrap,23.55,20.0,10,technical,SaaS,0,1,2.5,0
4,8.3,bootstrap,1.45,47.81,14,business,E-commerce,1,1,3.4,0
4,21.7,series_a,5.71,73.77,11,first_time,SaaS,1,4,32.7,1
4,15.6,seed,8.27,74.8,12,business,Fintech,3,3,20.2,1
4,21.1,angels,27.15,64.03,2,first_time,Fintech,0,3,12.6,0
4,36.0,bootstrap,54.12,39.12,14,technical,Fintech,1,2,4.8,1
5,36.0,series_b,78.12,130.94,11,technical,Fintech,2,3,42.0,1
7,20.8,bootstrap,1.69,20.0,10,technical,Healthtech,2,1,0.6,0
5,36.0,series_a,235.19,67.73,3,first_time,Healthtech,2,3,30.1,1
6,36.0,series_a,252.73,76.16,9,business,Healthtech,3,4,32.1,1
7,8.5,angels,5.0,83.92,11,business,Fintech,1,3,10.9,0
8,36.0,series_a,93.32,106.97,10,technical,Fintech,3,4,34.2,1
1,9.9,bootstrap,12.68,54.33,2,business,AI,1,1,4.8,0
6,36.0,seed,85.67,53.09,1,business,Healthtech,1,3,24.7,1
2,36.0,bootstrap,76.71,24.84,8,business,E-commerce,0,1,1.9,1
2,36.0,angels,18.36,37.57,11,first_time,AI,2,2,12.3,0
7,36.0,bootstrap,68.85,23.25,6,technical,AI,1,1,1.6,0
1,9.7,bootstrap,24.21,57.39,11,technical,Fintech,1,1,0.6,1
7,36.0,bootstrap,25.5,31.34,15,first_time,Healthtech,1,1,2.8,0
7,30.5,bootstrap,23.64,33.33,14,business,Fintech,2,1,0.9,0
8,36.0,angels,54.26,61.62,10,technical,AI,2,2,10.3,1
6,36.0,angels,17.63,25.05,11,first_time,Fintech,0,2,14.2,1
7,2.8,bootstrap,13.59,35.79,2,business,Fintech,3,1,4.0,0
1,36.0,series_b,301.27,78.55,2,business,Fintech,2,3,44.6,1
8,36.0,series_b,53.03,90.58,11,business,SaaS,3,4,41.6,1
2,36.0,bootstrap,82.87,26.2,13,business,Fintech,1,1,4.4,1
3,36.0,angels,26.17,40.43,3,technical,AI,1,1,12.0,0
2,36.0,seed,72.1,68.38,9,first_time,AI,1,2,20.4,1
4,36.0,seed,121.72,68.32,5,first_time,Healthtech,3,3,22.3,1
6,36.0,angels,167.96,46.7,2,business,Healthtech,1,3,12.8,0
3,19.2,seed,8.24,70.56,6,technical,Fintech,0,4,22.2,0
7,36.0,bootstrap,53.93,21.97,7,business,E-commerce,2,1,3.9,0
5,10.4,bootstrap,29.76,45.22,12,first_time,SaaS,1,0,1.8,0
6,36.0,seed,54.86,61.91,13,first_time,Healthtech,3,1,24.6,1
8,36.0,seed,59.28,57.75,15,technical,Healthtech,2,4,20.4,1
4,25.8,series_a,15.38,68.08,2,first_time,Fintech,2,3,33.6,0
3,8.0,bootstrap,6.96,31.38,14,first_time,SaaS,0,0,4.6,0
8,8.3,bootstrap,6.28,63.06,8,business,SaaS,1,1,2.8,0
5,15.9,bootstrap,10.22,34.05,3,business,SaaS,2,0,4.4,1
5,36.0,bootstrap,31.87,20.0,10,first_time,Healthtech,0,1,3.5,1
3,31.6,bootstrap,33.57,48.78,1,first_time,Fintech,0,0,0.1,0
2,36.0,angels,87.69,42.92,7,first_time,AI,2,1,13.4,1
2,36.0,angels,109.82,54.26,13,business,AI,0,0,13.3,1
2,36.0,seed,51.32,55.92,15,technical,SaaS,2,2,20.0,1
2,36.0,angels,196.44,69.21,5,first_time,E-commerce,2,0,12.0,1
6,3.9,bootstrap,0.18,26.14,3,business,Fintech,1,3,0.2,0
1,36.0,seed,111.27,85.97,9,first_time,SaaS,1,3,21.5,1
6,36.0,bootstrap,27.95,20.0,3,technical,AI,0,1,4.9,1
8,24.3,series_a,14.08,75.61,15,first_time,Healthtech,3,4,34.7,1
7,36.0,bootstrap,62.21,56.0,5,first_time,AI,1,0,3.4,1
4,36.0,angels,106.87,52.52,3,first_time,SaaS,1,3,11.8,0
1,36.0,series_a,325.62,114.07,4,business,E-commerce,1,3,32.0,1
7,13.1,angels,10.71,45.96,6,technical,Fintech,1,2,10.2,1
1,25.2,seed,19.17,68.86,12,first_time,E-commerce,0,2,21.7,0
6,32.3,seed,54.27,93.58,14,business,AI,2,3,23.9,0
6,16.2,bootstrap,3.52,20.0,12,first_time,AI,0,2,2.6,1
2,36.0,seed,52.79,40.43,10,first_time,AI,1,3,22.4,0
6,36.0,series_a,144.68,68.07,5,first_time,Fintech,2,2,30.5,0
2,32.7,series_b,52.41,107.2,15,technical,SaaS,1,3,44.6,1
2,36.0,angels,70.76,25.85,15,business,E-commerce,0,1,11.4,1
7,3.6,bootstrap,8.47,43.96,10,business,Fintech,1,1,1.9,0
8,22.8,seed,32.08,72.9,12,first_time,Fintech,2,1,21.7,0
3,36.0,angels,181.26,80.22,5,first_time,AI,2,0,11.6,1
8,3.5,bootstrap,0.16,50.68,7,technical,Healthtech,1,1,3.0,0
8,36.0,bootstrap,39.76,40.46,13,business,SaaS,2,1,3.1,1
7,8.0,bootstrap,21.18,55.39,7,first_time,AI,1,0,3.0,0
2,33.4,angels,38.85,58.08,12,business,SaaS,1,1,10.3,0
3,5.7,bootstrap,7.98,28.1,13,business,Fintech,0,1,4.8,1
6,36.0,bootstrap,27.85,20.0,15,business,SaaS,0,2,3.6,1
8,5.0,bootstrap,11.59,26.46,5,business,Fintech,2,1,4.4,0
7,36.0,series_b,54.21,94.4,8,technical,Healthtech,3,2,40.8,1
4,12.1,bootstrap,10.34,37.63,6,first_time,AI,0,0,4.7,0
2,33.1,bootstrap,8.94,20.0,8,business,SaaS,3,0,3.6,0
8,18.5,angels,2.89,46.71,12,technical,Healthtech,3,0,12.5,1
3,36.0,bootstrap,114.23,35.43,5,technical,AI,1,1,0.1,1
3,36.0,series_b,54.54,103.21,4,technical,E-commerce,2,3,41.3,1
8,36.0,series_a,89.68,104.4,5,technical,Healthtech,3,4,34.2,1
5,36.0,angels,53.91,52.78,12,first_time,Fintech,0,1,11.9,1
3,19.6,angels,5.38,36.36,15,technical,SaaS,1,2,13.4,0
1,36.0,angels,189.17,22.73,2,first_time,Healthtech,1,2,13.7,1
4,1.8,bootstrap,13.41,45.31,15,business,SaaS,1,1,3.9,0
8,28.9,bootstrap,5.48,21.96,1,business,Healthtech,1,1,1.9,0
4,1.8,bootstrap,5.85,48.0,8,technical,E-commerce,0,3,4.5,0
6,4.1,bootstrap,13.62,55.96,3,technical,Fintech,2,1,1.5,0
3,36.0,angels,36.8,26.84,15,technical,AI,2,3,14.2,1
7,12.2,bootstrap,12.12,43.31,12,first_time,SaaS,1,2,2.1,0
7,6.1,bootstrap,3.29,54.39,6,technical,SaaS,2,2,1.2,0
5,11.9,angels,2.61,65.29,11,technical,Healthtech,2,0,11.7,0
7,36.0,angels,83.48,20.0,13,first_time,Fintech,2,2,14.0,1
5,36.0,bootstrap,46.6,22.2,4,business,E-commerce,1,0,3.1,1
4,10.0,bootstrap,3.79,20.0,10,first_time,AI,0,0,0.7,0
6,32.0,bootstrap,27.82,42.85,5,business,SaaS,0,1,0.6,1
7,36.0,bootstrap,37.59,41.2,11,first_time,SaaS,2,0,3.4,0
7,36.0,series_a,238.54,39.53,9,business,Healthtech,1,3,31.2,1
2,36.0,series_a,260.72,75.49,11,first_time,Fintech,2,3,31.0,1
6,20.7,angels,37.2,62.01,10,technical,E-commerce,0,1,13.7,0
1,32.9,angels,33.6,52.22,10,technical,AI,0,3,11.6,0
5,36.0,seed,121.9,67.19,2,technical,E-commerce,2,2,20.3,1
5,36.0,seed,76.27,59.53,13,technical,SaaS,1,2,22.1,0
3,35.1,bootstrap,6.24,20.0,3,business,SaaS,0,0,2.8,0
8,5.3,bootstrap,0.26,34.74,6,first_time,Fintech,0,2,3.0,1
8,36.0,angels,134.7,50.78,8,business,Fintech,1,0,10.3,1
1,19.5,angels,21.83,59.23,13,business,SaaS,0,3,12.3,0
2,7.2,bootstrap,9.21,45.45,10,first_time,Fintech,0,0,1.8,1
2,36.0,bootstrap,67.91,36.29,3,first_time,AI,1,0,2.2,1
8,11.5,bootstrap,18.0,51.42,5,first_time,SaaS,1,0,0.2,1
5,13.2,bootstrap,4.43,29.38,3,technical,SaaS,1,1,1.5,0
6,36.0,angels,98.46,28.34,9,first_time,Healthtech,0,3,13.2,1
7,17.4,seed,7.75,72.16,11,technical,SaaS,2,2,20.6,1
7,36.0,angels,217.72,51.9,11,technical,SaaS,1,2,14.8,1
1,4.0,bootstrap,21.81,42.45,12,first_time,SaaS,0,0,5.0,0
2,36.0,bootstrap,40.25,20.0,11,first_time,SaaS,0,3,1.8,1
4,36.0,series_a,136.92,106.86,14,business,Healthtech,3,4,33.4,1
3,36.0,angels,40.77,60.66,14,first_time,Healthtech,0,3,13.2,0
6,4.6,bootstrap,17.2,30.68,5,technical,E-commerce,2,1,0.8,1
2,36.0,bootstrap,23.78,20.97,5,technical,SaaS,1,0,1.9,1
3,22.7,series_a,36.0,96.16,1,business,AI,1,4,34.9,1
2,36.0,seed,96.6,48.47,5,first_time,SaaS,0,2,20.6,0
2,17.6,series_a,23.48,113.92,8,technical,Fintech,3,2,32.9,1
2,33.1,seed,20.18,55.8,10,business,AI,2,2,23.0,0
2,36.0,angels,62.07,75.81,14,business,E-commerce,0,3,10.8,1
5,36.0,angels,116.82,47.23,9,technical,Healthtech,1,3,12.7,0
4,9.1,bootstrap,49.62,58.71,15,first_time,Healthtech,1,0,4.6,1
4,26.2,seed,12.76,53.98,9,business,Healthtech,2,2,20.6,0
4,21.0,angels,23.21,50.28,13,technical,E-commerce,1,2,10.9,1
6,36.0,bootstrap,93.1,47.07,13,technical,Healthtech,0,0,1.3,1
7,36.0,series_a,164.6,89.93,8,first_time,Healthtech,2,3,33.8,1
5,36.0,angels,119.32,66.51,14,first_time,Healthtech,2,1,12.9,0
6,31.2,bootstrap,22.58,27.69,13,technical,Healthtech,1,1,2.5,1
6,36.0,bootstrap,70.25,36.27,5,business,Healthtech,1,1,4.0,0
6,21.5,series_a,20.37,98.73,4,technical,AI,3,2,34.9,1
2,36.0,series_a,55.67,69.42,2,technical,SaaS,1,3,31.0,1
8,36.0,angels,107.94,58.59,14,first_time,Fintech,1,2,14.1,1
2,36.0,series_b,60.33,91.71,7,first_time,E-commerce,2,4,41.9,1
4,36.0,series_a,78.23,83.09,9,business,SaaS,1,3,30.7,0
6,36.0,series_a,49.55,81.27,5,first_time,SaaS,2,4,31.3,1
4,36.0,series_a,36.52,68.18,6,technical,SaaS,1,3,32.0,0
2,36.0,angels,110.03,46.09,7,first_time,Healthtech,1,3,14.5,1
8,36.0,seed,50.64,67.17,9,technical,Healthtech,3,2,22.4,0
1,36.0,angels,51.25,48.46,3,technical,Fintech,2,1,13.1,0
2,36.0,seed,99.51,88.59,12,business,E-commerce,1,3,20.2,0
8,7.8,bootstrap,9.67,50.15,6,first_time,Healthtech,3,1,0.3,0
6,26.7,seed,31.67,69.35,4,technical,Fintech,2,3,24.7,0
1,36.0,series_b,263.37,83.55,1,business,Healthtech,2,4,44.2,1
7,36.0,bootstrap,30.94,22.64,2,first_time,SaaS,0,0,2.4,0
8,36.0,series_b,123.92,124.61,5,business,Fintech,3,3,41.0,1
1,14.0,angels,2.54,34.85,11,technical,E-commerce,1,1,10.2,1
4,21.7,bootstrap,26.66,36.71,13,technical,Fintech,2,1,4.9,0
4,13.5,bootstrap,9.15,40.41,15,technical,E-commerce,1,1,0.0,0
2,36.0,seed,183.86,60.33,5,business,Healthtech,1,2,21.2,1
2,31.4,angels,13.47,34.97,10,first_time,E-commerce,1,1,13.4,0
2,36.0,bootstrap,50.84,23.23,5,technical,Healthtech,0,2,4.7,1
2,36.0,seed,134.89,56.8,3,technical,Healthtech,1,2,20.6,1
4,36.0,bootstrap,52.0,24.36,9,business,AI,2,2,3.9,0
4,36.0,angels,158.44,69.92,10,technical,E-commerce,2,2,11.7,1
2,36.0,series_a,85.93,79.86,12,business,Healthtech,2,4,33.4,1
3,36.0,seed,154.33,57.14,2,technical,Fintech,2,2,20.5,1
2,36.0,seed,186.83,66.6,12,technical,Fintech,0,3,24.3,0
7,36.0,angels,96.99,60.02,5,business,AI,0,3,13.5,1
2,36.0,series_b,56.97,89.83,5,first_time,Fintech,1,3,44.8,1
8,11.2,bootstrap,13.73,48.53,1,technical,AI,0,0,2.5,0
5,36.0,bootstrap,74.2,20.0,4,technical,E-commerce,1,1,4.4,1
7,6.3,bootstrap,27.29,52.57,8,technical,SaaS,0,1,2.7,1
6,36.0,angels,121.27,49.87,3,technical,Healthtech,2,0,12.6,1
3,26.4,seed,19.04,64.28,5,business,E-commerce,1,3,20.5,1
5,36.0,seed,58.02,54.6,8,technical,E-commerce,2,1,24.1,1
3,36.0,bootstrap,27.57,20.0,2,first_time,SaaS,1,0,2.1,1
1,36.0,bootstrap,48.44,20.0,14,business,AI,0,0,3.0,1
3,36.0,seed,61.57,53.56,5,technical,Healthtech,0,4,23.3,1
3,36.0,series_b,123.64,103.82,12,technical,E-commerce,1,3,43.9,1
2,36.0,bootstrap,25.58,20.58,10,business,Fintech,0,1,2.9,0
1,36.0,bootstrap,17.12,20.0,12,business,AI,0,1,3.1,1
8,36.0,bootstrap,24.89,21.36,5,business,Healthtech,2,2,2.6,1
5,36.0,angels,24.37,44.23,3,technical,Healthtech,0,0,13.1,0
4,36.0,bootstrap,28.35,29.82,3,technical,AI,3,0,2.2,0
8,36.0,bootstrap,34.34,33.07,4,first_time,AI,1,0,3.9,1
2,36.0,seed,105.58,80.49,9,first_time,SaaS,0,3,24.1,1
4,5.7,bootstrap,2.12,53.74,10,technical,AI,1,0,2.6,0
7,6.6,angels,1.35,80.08,12,technical,AI,1,1,10.7,1
6,36.0,bootstrap,38.7,20.0,15,first_time,Fintech,0,1,1.9,1
4,36.0,series_a,77.34,67.16,13,business,SaaS,2,4,34.2,1
3,15.5,angels,20.86,60.48,6,business,E-commerce,1,3,14.6,1
1,36.0,bootstrap,105.74,28.19,8,first_time,SaaS,0,2,1.3,0
1,2.3,bootstrap,5.01,47.91,15,business,E-commerce,0,1,4.7,0
2,36.0,seed,54.59,68.11,11,technical,Healthtech,1,1,21.4,1
7,23.6,series_a,33.77,103.69,7,first_time,Fintech,3,3,34.6,0
6,36.0,bootstrap,45.19,50.64,13,technical,SaaS,1,0,4.7,1
4,36.0,bootstrap,60.24,50.92,3,first_time,AI,1,1,2.5,0
7,20.2,bootstrap,12.1,28.82,11,first_time,E-commerce,1,0,4.8,0
2,36.0,seed,44.54,63.54,15,business,Fintech,1,2,22.7,1
2,35.3,series_b,33.39,90.42,8,technical,E-commerce,2,2,41.9,1
4,36.0,angels,44.44,27.41,10,technical,Healthtech,1,2,14.1,1
8,9.2,bootstrap,21.55,57.08,1,technical,Fintech,2,0,0.5,0
5,28.9,seed,37.19,76.18,10,technical,SaaS,2,2,21.1,1
7,36.0,seed,145.42,59.82,5,technical,AI,2,0,21.1,1
2,5.9,bootstrap,26.85,54.57,15,business,Healthtech,0,0,3.1,0
7,36.0,bootstrap,28.17,25.54,5,first_time,AI,0,0,3.5,0
1,36.0,angels,19.44,22.43,5,technical,Healthtech,0,1,14.2,1
2,36.0,seed,191.06,80.11,6,first_time,AI,1,1,24.5,1
5,36.0,seed,313.8,45.82,11,business,AI,1,2,24.4,1
1,36.0,seed,66.4,62.06,15,technical,Fintech,0,3,23.4,1
7,36.0,series_a,125.88,83.09,6,first_time,AI,3,3,34.6,1
7,11.8,bootstrap,6.24,40.78,4,technical,E-commerce,1,1,1.4,0
5,36.0,bootstrap,44.76,47.73,12,first_time,E-commerce,1,0,3.6,1
3,15.3,bootstrap,24.81,43.71,9,first_time,E-commerce,1,2,0.4,0
1,36.0,series_a,57.74,88.25,7,business,Healthtech,1,3,30.6,1
5,36.0,angels,53.4,38.14,15,business,Fintech,1,0,11.1,0
5,24.8,bootstrap,26.19,39.41,8,business,Healthtech,1,2,0.5,0
7,13.2,bootstrap,2.28,20.0,10,first_time,Healthtech,2,0,4.8,0
5,36.0,seed,231.68,88.43,15,first_time,Fintech,0,4,22.3,1
2,36.0,seed,71.57,43.96,4,business,E-commerce,1,3,24.5,1
1,36.0,seed,61.77,59.8,14,first_time,E-commerce,1,3,22.4,1
7,15.9,bootstrap,7.4,20.0,15,business,Fintech,0,1,3.5,0
2,36.0,series_a,97.24,69.05,8,technical,SaaS,3,4,31.6,0
8,27.0,seed,17.15,65.2,6,first_time,E-commerce,2,3,24.8,0
1,36.0,seed,47.95,57.07,3,first_time,Fintech,0,0,20.2,0
6,36.0,seed,86.86,82.16,1,business,E-commerce,2,3,23.5,0
8,36.0,series_a,236.99,83.4,15,first_time,Fintech,3,3,34.8,1
4,20.3,series_b,3.39,88.06,7,business,E-commerce,3,4,43.9,1
1,30.1,angels,22.35,48.0,11,business,Fintech,1,3,14.1,1
8,11.8,angels,11.92,68.3,4,business,Healthtech,2,1,11.5,0
2,36.0,angels,175.79,63.63,5,business,SaaS,0,0,12.3,1
5,36.0,series_a,35.71,62.92,13,technical,Fintech,0,2,30.7,1
8,36.0,seed,35.04,54.79,10,first_time,SaaS,1,3,21.9,1
6,10.5,bootstrap,22.72,42.12,4,first_time,Fintech,1,2,0.0,0
1,2.1,bootstrap,5.31,40.3,1,technical,Healthtech,0,1,3.9,0
7,36.0,series_a,74.02,64.24,13,first_time,E-commerce,2,2,34.8,1
2,36.0,series_a,500.0,91.24,2,business,SaaS,1,4,33.5,1
6,30.9,series_b,21.38,81.64,1,business,Fintech,2,2,44.1,1
5,10.3,angels,2.37,69.56,5,business,Healthtech,1,1,12.6,0
3,14.7,seed,7.66,72.94,14,business,SaaS,2,4,21.0,1
4,36.0,series_a,104.65,63.02,10,first_time,E-commerce,2,3,33.6,1
1,36.0,bootstrap,59.8,27.06,1,first_time,Fintech,0,0,1.5,0
8,8.3,bootstrap,17.01,26.8,14,first_time,SaaS,2,0,2.3,0
2,36.0,series_b,115.65,97.4,15,technical,SaaS,3,3,44.5,1
3,20.7,bootstrap,11.27,31.94,11,technical,E-commerce,0,0,1.9,0
5,36.0,angels,34.7,32.82,2,first_time,AI,1,1,11.4,1
6,36.0,seed,178.25,44.09,1,first_time,Healthtech,3,2,20.2,1
5,36.0,seed,77.11,73.24,14,first_time,E-commerce,3,3,23.5,1
5,36.0,bootstrap,83.31,39.29,13,technical,Fintech,1,1,1.1,0
5,36.0,seed,125.74,66.58,13,technical,SaaS,2,2,23.2,1
7,36.0,bootstrap,38.31,39.06,8,business,Fintech,0,0,1.8,1
4,36.0,series_a,154.65,70.72,9,technical,SaaS,3,4,33.9,1
7,36.0,bootstrap,38.01,37.76,3,first_time,E-commerce,2,0,4.4,0
7,36.0,seed,155.2,103.08,1,business,Fintech,3,3,21.2,1
8,23.6,seed,29.03,82.62,4,technical,Fintech,2,4,24.0,0
8,8.8,bootstrap,12.47,30.67,10,first_time,SaaS,0,1,0.8,0
7,36.0,bootstrap,39.85,27.15,7,business,SaaS,0,0,0.7,0
2,36.0,seed,218.38,22.09,10,business,Healthtech,1,2,22.1,1
7,2.3,bootstrap,14.9,51.03,7,first_time,AI,1,0,1.6,0
6,3.7,bootstrap,9.58,46.8,9,first_time,E-commerce,1,0,4.9,0
3,23.4,angels,7.01,41.84,15,technical,Healthtech,1,1,14.0,1
6,32.0,series_b,12.42,73.52,10,business,E-commerce,3,3,44.5,1
3,36.0,angels,50.58,32.67,15,first_time,SaaS,0,2,10.7,1
5,18.9,angels,15.86,56.67,15,technical,SaaS,2,2,13.6,1
7,36.0,series_b,353.02,93.66,10,business,Fintech,3,1,43.0,1
2,16.7,angels,9.32,60.37,15,business,E-commerce,1,1,10.5,1
3,36.0,angels,35.15,51.3,4,business,AI,1,0,14.0,0
7,36.0,angels,77.75,64.5,8,business,SaaS,2,3,14.3,1
4,10.3,bootstrap,11.35,40.54,2,technical,Fintech,0,1,4.6,1
8,12.6,bootstrap,14.02,47.43,2,technical,Healthtech,1,0,4.7,1
1,36.0,seed,348.87,33.65,2,business,E-commerce,1,4,20.5,1
6,27.4,bootstrap,3.37,20.0,3,first_time,Healthtech,3,1,4.4,1
7,36.0,seed,76.86,59.53,7,first_time,AI,3,3,24.7,1
8,8.9,bootstrap,11.86,51.19,11,first_time,Fintech,3,1,3.5,0
2,8.0,angels,10.8,78.21,15,first_time,AI,0,1,10.9,0
8,36.0,bootstrap,77.33,32.54,15,technical,SaaS,0,2,2.0,1
4,36.0,angels,57.81,40.83,3,business,AI,1,2,10.5,1
3,36.0,seed,23.85,35.68,7,first_time,Healthtech,3,2,20.0,0
3,33.3,angels,39.31,62.95,7,technical,SaaS,1,0,14.6,1
6,36.0,bootstrap,39.61,26.75,2,first_time,Fintech,2,1,4.9,0
6,4.3,bootstrap,14.7,79.38,1,business,E-commerce,1,2,4.6,0
4,36.0,series_a,59.88,68.91,6,first_time,Healthtech,1,4,31.3,1
1,2.7,bootstrap,21.62,66.58,13,business,Healthtech,0,1,3.1,1
8,19.1,seed,27.41,76.23,6,business,Fintech,2,3,22.5,1
2,14.4,bootstrap,0.54,20.0,6,technical,Fintech,0,1,2.5,0
1,36.0,bootstrap,67.75,38.48,15,business,SaaS,0,1,2.1,1
5,14.5,seed,4.58,76.57,6,business,Healthtech,0,2,24.7,0
4,36.0,angels,53.12,46.62,11,business,E-commerce,1,2,14.0,0
5,1.7,bootstrap,3.33,47.57,15,business,Healthtech,1,0,4.2,1
8,21.9,series_b,17.26,107.24,2,business,AI,2,2,40.2,1
1,3.6,bootstrap,19.25,43.95,8,technical,E-commerce,0,1,2.1,0
3,23.1,angels,13.8,49.75,6,business,Fintech,1,0,13.0,0
5,36.0,angels,106.34,32.38,2,technical,AI,2,3,13.3,1
7,23.3,angels,15.4,48.85,1,first_time,SaaS,2,0,14.5,0
5,36.0,seed,182.8,67.64,10,technical,SaaS,2,4,20.8,1
4,36.0,bootstrap,50.46,20.0,10,technical,AI,0,2,0.5,1
5,36.0,series_b,437.71,97.54,9,technical,Fintech,2,4,44.5,1
8,36.0,seed,82.64,63.55,11,technical,Fintech,2,4,22.5,1
4,36.0,series_b,355.38,75.55,11,business,SaaS,2,4,42.7,1
8,26.5,series_a,24.35,75.0,1,business,Healthtech,3,2,34.5,1
7,36.0,series_b,266.47,90.32,1,first_time,Healthtech,1,4,43.7,1
3,18.1,seed,28.78,93.95,6,business,AI,1,3,23.7,0
2,36.0,angels,117.31,53.3,9,first_time,AI,0,1,10.9,0
7,36.0,angels,69.85,65.54,14,technical,Healthtech,0,1,13.1,0
2,36.0,seed,70.52,63.23,15,technical,E-commerce,1,3,22.3,1
3,36.0,angels,59.24,21.89,13,first_time,AI,2,3,13.1,1
2,36.0,seed,84.61,75.09,5,technical,Fintech,1,2,22.9,1
5,19.9,bootstrap,7.56,25.13,9,first_time,AI,0,2,0.1,0
3,36.0,series_a,114.8,74.97,2,technical,SaaS,2,3,31.7,1
6,36.0,bootstrap,83.47,20.0,8,technical,Fintech,2,0,2.3,1
8,36.0,series_b,132.75,96.09,2,technical,AI,3,4,42.5,0
7,3.6,bootstrap,3.8,50.98,15,first_time,E-commerce,2,1,0.5,0
8,36.0,bootstrap,52.79,48.99,7,first_time,Healthtech,1,0,4.5,0
1,20.1,series_a,34.55,103.79,11,first_time,SaaS,1,3,31.7,0
4,36.0,series_a,150.09,105.92,2,technical,Healthtech,1,4,32.4,1
2,36.0,seed,6.14,34.31,15,business,Fintech,2,2,23.3,0
8,36.0,series_b,56.33,77.1,8,first_time,E-commerce,3,4,43.6,1
6,14.4,bootstrap,0.68,20.0,2,business,SaaS,0,1,1.9,0
3,36.0,series_a,97.44,89.48,6,business,Fintech,3,1,30.6,1
5,36.0,angels,40.39,39.6,4,business,SaaS,0,1,11.0,0
5,36.0,angels,42.59,42.66,2,business,SaaS,2,0,10.8,1
4,36.0,angels,94.38,46.75,1,first_time,Healthtech,1,1,11.2,0
4,11.7,bootstrap,13.22,40.74,11,business,E-commerce,0,0,3.0,1
1,36.0,angels,18.61,27.72,14,technical,Fintech,1,2,12.7,0
4,23.0,seed,4.03,46.12,10,technical,Healthtech,2,0,20.8,1
3,12.2,bootstrap,21.91,35.02,11,first_time,AI,0,2,3.4,1
7,36.0,series_b,219.7,112.98,1,business,Fintech,2,3,40.3,1
7,36.0,angels,135.72,49.62,3,technical,SaaS,2,2,14.5,1
7,2.6,bootstrap,2.86,23.13,1,business,SaaS,1,0,2.8,0
1,36.0,seed,11.78,32.78,15,first_time,Healthtech,2,1,23.0,1
7,11.8,bootstrap,7.82,49.29,12,business,AI,0,1,1.4,0
4,36.0,bootstrap,61.19,23.96,15,first_time,E-commerce,3,0,2.6,1
4,36.0,seed,41.57,47.79,14,business,SaaS,2,1,22.1,1
8,36.0,bootstrap,28.15,20.0,4,business,SaaS,3,1,4.8,1
7,16.9,bootstrap,7.65,20.0,8,first_time,Healthtech,1,0,0.4,0
1,36.0,seed,94.83,50.58,10,first_time,Healthtech,1,2,22.3,0
3,12.0,bootstrap,0.28,31.42,12,technical,SaaS,1,0,4.0,0
6,36.0,series_a,90.73,61.87,11,business,SaaS,2,4,32.7,1
5,21.2,seed,11.29,67.79,7,business,Fintech,1,3,22.8,1
3,36.0,bootstrap,78.03,31.3,1,first_time,SaaS,0,1,4.6,1
5,7.9,angels,14.59,83.33,15,first_time,Fintech,2,1,11.9,1
7,3.4,bootstrap,2.85,20.0,11,business,Healthtech,1,0,0.0,0
2,36.0,seed,166.08,67.42,13,business,SaaS,1,3,24.6,1
6,6.7,bootstrap,2.95,37.61,4,first_time,Fintech,1,0,0.2,0
6,36.0,series_b,57.61,79.54,2,technical,SaaS,2,3,44.0,1
8,36.0,bootstrap,78.19,36.43,14,business,E-commerce,2,1,0.7,1
3,36.0,seed,53.81,76.54,13,first_time,SaaS,1,4,20.1,1
2,36.0,bootstrap,44.95,36.45,13,first_time,Fintech,1,0,1.8,1
5,9.0,bootstrap,2.65,55.77,7,technical,SaaS,3,0,4.3,1
5,36.0,angels,19.67,20.0,14,business,Healthtech,1,2,10.2,1
4,36.0,angels,104.23,37.37,4,business,AI,2,3,11.3,1
7,20.2,series_b,24.04,117.13,12,first_time,SaaS,2,4,41.4,1
7,7.6,bootstrap,5.14,48.68,8,technical,AI,1,0,0.5,0
2,9.2,bootstrap,4.59,43.11,3,technical,E-commerce,1,0,0.5,0
7,36.0,angels,300.14,68.5,11,first_time,Healthtech,0,2,14.5,1
2,36.0,angels,56.34,21.25,6,technical,AI,1,1,13.5,1
4,21.4,series_a,28.89,91.93,3,business,SaaS,3,3,31.6,1
1,36.0,series_a,153.8,95.97,11,first_time,E-commerce,2,3,31.2,1
3,36.0,series_a,56.19,70.12,12,technical,E-commerce,1,4,30.2,1
8,0.9,bootstrap,2.46,74.44,5,first_time,AI,2,1,1.8,0
4,36.0,angels,115.24,52.95,15,technical,Fintech,0,3,11.5,1
6,36.0,seed,132.22,32.11,11,first_time,AI,3,3,24.6,1
1,36.0,bootstrap,39.85,40.72,1,first_time,Fintech,0,1,1.1,1
6,33.4,seed,19.45,54.2,6,first_time,E-commerce,2,2,22.0,1
3,8.7,bootstrap,35.55,52.47,15,first_time,Healthtech,2,0,3.4,1
6,16.0,bootstrap,13.02,43.22,3,business,Fintech,1,1,1.6,0
8,36.0,series_a,95.0,71.03,15,technical,Fintech,2,4,33.9,0
5,36.0,bootstrap,72.21,57.54,8,business,Healthtech,0,0,3.6,1
1,36.0,series_b,306.33,109.09,11,business,SaaS,1,3,40.2,1
4,36.0,bootstrap,21.33,22.58,11,technical,SaaS,2,2,4.3,0
1,24.0,bootstrap,16.03,32.72,8,business,SaaS,0,0,1.8,0
4,10.3,bootstrap,30.74,42.75,8,technical,E-commerce,0,1,0.5,0
1,36.0,bootstrap,46.24,29.54,9,business,SaaS,1,0,3.5,1
6,36.0,angels,73.16,44.98,10,first_time,Healthtech,2,2,13.7,0
3,4.8,bootstrap,13.66,35.55,12,first_time,E-commerce,1,1,0.4,0
2,27.8,seed,7.33,49.01,7,first_time,Fintech,1,3,21.8,0
1,36.0,series_a,75.11,46.51,7,technical,Healthtech,2,2,34.5,1
8,13.2,angels,1.25,53.59,12,first_time,E-commerce,1,2,13.3,0
7,8.2,bootstrap,4.14,20.0,12,technical,Fintech,1,0,2.7,1
7,36.0,angels,77.32,35.1,10,first_time,Fintech,2,4,12.5,0
1,36.0,seed,66.01,38.43,7,first_time,AI,0,3,23.0,1
3,36.0,angels,43.64,25.27,9,business,Healthtech,2,2,13.3,1
8,12.0,bootstrap,20.14,41.4,9,first_time,Healthtech,2,1,0.3,0
5,36.0,angels,48.78,46.67,7,first_time,Healthtech,1,3,11.7,1
2,36.0,angels,66.73,46.12,3,technical,Fintech,0,1,12.6,1
2,36.0,bootstrap,47.78,20.0,9,first_time,Healthtech,0,1,3.7,1
3,36.0,bootstrap,51.51,25.16,7,business,AI,0,1,3.7,1
8,36.0,series_b,65.31,100.65,1,first_time,Healthtech,2,3,43.0,1
2,9.9,bootstrap,8.18,34.22,15,first_time,SaaS,1,2,2.9,0
8,36.0,bootstrap,64.61,47.34,11,technical,E-commerce,1,0,1.8,1
6,11.1,bootstrap,6.6,49.48,2,business,E-commerce,0,0,4.2,1
8,36.0,angels,226.02,46.22,4,first_time,SaaS,3,2,14.6,1
7,36.0,angels,141.88,22.22,9,technical,Healthtech,1,1,14.2,1
3,36.0,bootstrap,13.29,23.65,13,technical,E-commerce,0,2,4.4,0
7,36.0,angels,88.35,48.53,8,business,Fintech,2,1,14.5,1
2,36.0,seed,231.74,53.35,13,business,AI,3,3,21.0,1
3,8.6,bootstrap,1.52,20.0,2,technical,SaaS,1,1,2.6,0
2,36.0,series_a,112.59,81.05,8,business,Fintech,2,2,32.7,1
2,13.0,bootstrap,45.78,71.45,13,business,Healthtech,0,1,2.4,0
1,36.0,bootstrap,47.09,27.68,13,business,Healthtech,0,0,4.2,1
2,25.4,series_b,13.46,94.96,4,technical,SaaS,1,4,41.6,0
1,36.0,series_a,117.39,60.32,11,business,Fintech,2,3,30.8,1
4,2.2,bootstrap,3.44,53.65,1,business,SaaS,1,2,1.4,0
1,36.0,series_a,153.52,93.12,3,business,SaaS,1,3,30.7,1
1,11.2,angels,5.87,62.09,14,first_time,AI,0,2,12.0,0
8,8.2,bootstrap,17.45,55.4,12,business,Healthtech,2,0,0.6,0
1,36.0,series_a,70.94,73.59,4,first_time,Fintech,0,3,30.4,1
1,36.0,seed,30.96,60.46,15,business,SaaS,0,3,22.3,0
1,9.3,bootstrap,11.2,60.65,15,first_time,E-commerce,0,0,3.0,0
2,17.4,seed,14.84,74.49,1,first_time,AI,0,4,23.0,0
5,36.0,angels,22.65,20.0,1,business,SaaS,1,2,10.5,0
7,36.0,bootstrap,53.28,41.82,4,first_time,AI,0,1,4.9,1
6,36.0,series_b,500.0,86.27,12,first_time,SaaS,3,4,40.6,1
5,11.4,angels,13.53,63.47,9,technical,Fintech,2,3,13.3,1
1,36.0,angels,339.7,56.12,8,technical,E-commerce,2,1,14.4,1
7,36.0,angels,212.07,23.89,7,business,Fintech,3,2,14.4,1
1,36.0,angels,71.91,54.03,8,technical,Healthtech,0,2,12.6,1
6,36.0,bootstrap,37.71,38.16,10,technical,AI,2,2,1.4,1
4,18.5,series_b,6.15,100.45,1,technical,SaaS,3,2,44.1,0
8,36.0,seed,69.92,73.63,9,technical,E-commerce,2,2,23.1,1
3,30.9,seed,56.04,87.44,4,first_time,Healthtech,0,3,24.0,1
6,25.7,angels,21.68,56.21,12,business,Fintech,2,2,12.0,1
4,36.0,bootstrap,75.08,35.34,3,technical,E-commerce,0,2,4.6,1
5,6.2,bootstrap,27.93,52.22,2,technical,E-commerce,1,1,4.6,0
8,36.0,angels,265.46,83.64,7,business,SaaS,2,2,13.7,1
6,2.9,bootstrap,3.27,48.73,7,business,E-commerce,0,0,4.7,1
4,36.0,seed,94.02,68.09,8,first_time,AI,1,2,22.3,1
4,36.0,series_a,50.52,86.49,13,business,Fintech,2,4,31.0,1
6,36.0,bootstrap,53.02,38.84,11,business,E-commerce,3,1,3.3,0
3,2.5,bootstrap,7.08,35.28,6,business,E-commerce,0,0,3.3,0
2,36.0,seed,190.48,97.48,11,business,E-commerce,0,3,22.5,0
4,36.0,bootstrap,65.61,23.76,8,first_time,AI,1,0,1.3,1
1,36.0,series_b,247.93,112.32,4,technical,Fintech,2,3,43.1,1
2,36.0,angels,98.02,48.11,1,first_time,Healthtech,2,3,10.9,0
4,36.0,bootstrap,10.47,20.0,1,business,AI,1,0,3.8,0
7,16.4,bootstrap,19.08,32.18,4,business,E-commerce,0,0,4.5,0
7,36.0,series_b,52.8,86.8,13,first_time,E-commerce,3,3,40.8,1
3,19.5,bootstrap,23.54,43.66,7,first_time,E-commerce,1,1,4.1,1
4,36.0,seed,54.04,66.37,7,business,E-commerce,1,3,21.0,0
2,36.0,bootstrap,16.28,20.0,6,first_time,Fintech,0,1,2.5,0
7,4.5,bootstrap,3.49,57.07,4,technical,E-commerce,1,2,4.6,0
2,36.0,series_a,390.66,96.35,11,technical,Fintech,1,4,30.4,1
7,2.3,bootstrap,2.5,58.79,1,business,AI,1,1,0.4,0
7,13.7,bootstrap,1.96,38.55,10,business,Fintech,1,0,4.8,1
6,10.8,angels,0.41,49.46,15,technical,Healthtech,2,3,10.8,0
3,36.0,series_a,122.11,90.55,14,first_time,E-commerce,2,3,31.7,1
8,36.0,bootstrap,108.29,26.34,6,business,Healthtech,2,1,2.3,1
6,12.0,bootstrap,3.34,36.95,13,first_time,Fintech,1,3,0.0,0
6,26.2,series_b,14.47,92.36,4,first_time,Healthtech,3,4,40.9,1
7,36.0,seed,63.88,43.08,4,technical,SaaS,3,2,24.1,1
8,36.0,series_a,98.18,81.91,6,first_time,SaaS,3,3,32.6,1
1,36.0,seed,319.8,58.39,1,technical,Fintech,1,1,22.0,1
8,22.0,seed,5.56,61.36,4,technical,AI,3,2,23.4,1
7,36.0,angels,83.71,55.46,13,business,Fintech,3,1,11.6,1
2,8.1,bootstrap,13.65,54.09,12,technical,E-commerce,0,0,2.2,0
3,36.0,seed,45.87,52.27,5,first_time,SaaS,0,3,25.0,0
7,36.0,seed,173.6,59.95,5,first_time,AI,2,1,23.9,1
2,36.0,series_b,51.13,83.52,6,business,Fintech,2,4,42.8,1
4,36.0,angels,60.5,37.55,2,technical,SaaS,1,2,12.6,1
6,5.6,bootstrap,1.14,26.08,3,first_time,SaaS,3,0,4.2,0
6,14.6,angels,3.82,47.05,15,first_time,Healthtech,2,2,13.0,0
8,36.0,seed,149.2,73.79,11,technical,SaaS,1,3,21.7,0
1,15.9,angels,11.17,54.81,11,business,AI,2,2,12.1,1
3,36.0,seed,113.57,49.15,5,business,SaaS,0,3,20.9,0
8,11.1,angels,19.36,69.41,13,business,AI,2,0,14.8,0
5,36.0,bootstrap,75.46,49.17,3,technical,SaaS,0,0,3.3,1
2,36.0,angels,73.64,36.48,15,technical,SaaS,0,3,12.0,1
3,36.0,seed,79.41,83.36,8,business,Fintech,2,2,21.8,0
3,36.0,series_a,160.69,84.9,5,first_time,Healthtech,1,3,34.5,1
5,36.0,angels,238.4,47.65,12,technical,Healthtech,2,3,11.8,1
3,23.5,angels,26.28,55.37,7,first_time,Fintech,2,2,13.8,0
5,36.0,angels,114.98,49.61,5,business,SaaS,2,2,14.2,1
4,36.0,angels,54.42,58.18,11,technical,SaaS,1,2,14.5,1
5,11.2,bootstrap,0.07,37.81,11,business,SaaS,0,0,1.9,0
2,36.0,series_a,145.36,74.94,10,technical,SaaS,3,4,33.8,1
5,36.0,series_a,54.14,49.61,7,business,Fintech,2,2,31.6,1
8,12.6,angels,4.54,57.91,5,technical,AI,2,1,14.7,0
2,22.1,angels,9.32,44.4,7,business,AI,0,1,10.1,0
3,1.8,bootstrap,0.47,46.67,14,first_time,AI,1,2,2.9,0
6,36.0,angels,143.4,57.23,6,technical,E-commerce,2,0,12.5,0
5,30.7,angels,18.61,44.79,15,business,AI,1,2,14.4,0
6,36.0,seed,201.49,80.34,3,business,E-commerce,0,2,21.1,0
5,36.0,bootstrap,37.07,38.07,3,business,E-commerce,1,0,0.4,0
6,17.7,seed,10.22,67.45,5,technical,Fintech,1,3,24.2,0
5,21.0,bootstrap,10.78,32.93,1,technical,SaaS,1,1,1.8,0
1,24.9,seed,54.75,90.25,14,business,Fintech,1,2,21.6,0
7,36.0,seed,50.22,54.3,6,first_time,Fintech,1,1,20.5,0
4,23.0,bootstrap,17.65,30.16,2,first_time,Fintech,1,1,4.6,0
1,36.0,angels,56.48,31.44,10,first_time,Fintech,0,0,13.2,1
4,36.0,series_a,339.42,90.9,15,first_time,Healthtech,1,4,33.5,1
4,36.0,seed,32.07,56.27,15,business,SaaS,2,2,24.5,1
1,7.8,bootstrap,8.62,27.95,2,first_time,AI,0,1,4.2,1
8,19.1,angels,1.08,42.25,12,business,Fintech,2,0,12.3,0
2,11.1,bootstrap,19.57,35.94,6,technical,E-commerce,0,0,0.8,0
3,36.0,seed,90.09,46.24,13,business,E-commerce,1,4,23.4,1
4,36.0,seed,31.02,31.35,10,first_time,AI,1,3,23.3,1
7,2.3,bootstrap,4.15,41.87,11,business,SaaS,0,1,0.2,0
6,36.0,seed,62.56,33.3,13,business,E-commerce,3,1,24.5,1
7,26.8,seed,31.38,77.81,14,business,AI,2,4,21.7,0
2,36.0,seed,73.35,88.38,3,first_time,AI,0,2,22.1,1
7,36.0,bootstrap,85.02,32.54,11,first_time,Fintech,2,0,2.6,1
7,36.0,bootstrap,65.95,54.49,3,technical,Fintech,1,0,4.6,0
4,36.0,angels,76.27,49.64,15,first_time,E-commerce,0,0,10.9,0
5,14.3,bootstrap,36.7,58.99,10,technical,Fintech,0,0,1.8,0
1,36.0,angels,144.42,43.16,3,first_time,Fintech,0,1,12.5,0
7,11.9,bootstrap,8.42,20.0,5,technical,Fintech,2,1,5.0,0
8,36.0,bootstrap,35.6,33.8,14,first_time,Fintech,3,1,2.2,1
4,36.0,seed,146.43,90.62,10,first_time,E-commerce,1,2,22.0,1
5,23.5,bootstrap,23.41,43.02,4,business,AI,0,1,4.7,0
4,22.7,seed,1.95,57.27,13,business,SaaS,2,3,23.3,0
1,7.8,bootstrap,14.06,39.93,11,first_time,Healthtech,0,0,0.8,1
5,36.0,angels,135.36,64.57,2,first_time,AI,1,0,10.9,1
6,36.0,angels,109.79,48.72,5,technical,AI,1,1,13.2,1
8,36.0,seed,103.38,104.4,13,technical,E-commerce,2,3,22.3,1
8,18.2,seed,8.72,57.24,6,business,Fintech,3,0,20.0,0
4,36.0,angels,44.49,65.04,1,first_time,Fintech,2,3,12.2,0
8,36.0,seed,65.43,76.43,10,first_time,Fintech,3,2,24.7,0
5,11.5,bootstrap,1.29,24.5,14,technical,AI,1,1,3.7,0
6,32.7,angels,23.89,43.63,9,technical,AI,3,2,12.8,0
5,7.4,bootstrap,23.67,50.27,15,technical,AI,1,1,1.0,0
8,36.0,angels,59.66,52.17,2,technical,SaaS,3,2,11.7,1
6,36.0,bootstrap,39.04,40.07,11,technical,SaaS,0,0,5.0,0
1,36.0,series_a,29.92,55.46,10,business,Fintech,2,1,33.3,1
1,36.0,angels,62.22,59.84,15,technical,E-commerce,1,2,11.4,1
4,29.5,angels,26.76,54.31,8,business,Fintech,1,1,13.7,0
5,17.5,angels,5.42,49.04,13,business,AI,0,2,10.5,0
6,19.7,bootstrap,18.42,40.41,3,business,AI,0,1,1.9,1
4,36.0,bootstrap,31.52,28.86,1,first_time,Healthtech,0,2,1.1,0
5,36.0,series_a,57.62,71.12,11,business,SaaS,2,4,34.5,1
8,36.0,seed,109.72,61.37,1,business,Fintech,3,2,23.7,1
3,36.0,bootstrap,27.73,28.04,14,business,Fintech,0,0,2.5,0
4,13.6,seed,28.15,97.71,1,first_time,Fintech,2,3,22.0,1
5,8.8,angels,3.92,63.68,11,technical,SaaS,2,1,14.3,1
4,36.0,bootstrap,28.06,20.47,7,technical,Healthtech,1,0,1.0,1
8,32.4,angels,53.44,80.54,10,first_time,Healthtech,2,1,10.4,0
8,5.2,bootstrap,5.79,28.51,10,business,Healthtech,1,1,4.3,1
5,12.6,bootstrap,3.88,35.44,7,business,AI,1,1,4.3,0
4,21.9,seed,30.77,78.46,8,technical,SaaS,1,2,21.2,0
5,36.0,bootstrap,26.9,20.0,8,technical,Healthtech,1,0,1.0,1
2,28.5,series_a,24.79,76.44,11,technical,Fintech,1,3,33.6,1
4,36.0,seed,127.39,56.4,11,business,SaaS,2,2,20.7,1
2,36.0,series_a,181.74,83.08,7,first_time,AI,2,3,33.1,1
2,24.7,seed,21.97,70.55,6,technical,E-commerce,1,2,23.5,0
1,19.0,series_a,12.88,78.84,1,first_time,Healthtech,0,4,33.1,0
5,19.3,angels,10.16,48.15,12,business,Healthtech,2,0,12.1,0
1,36.0,angels,210.96,65.98,4,business,SaaS,0,3,14.1,1
6,18.7,angels,12.31,54.52,7,business,Healthtech,1,1,14.6,1
4,27.5,series_a,20.08,80.62,15,first_time,SaaS,2,4,33.5,0
3,11.5,bootstrap,3.33,37.22,12,technical,E-commerce,0,0,2.1,0
7,10.5,angels,3.44,77.54,6,technical,Fintech,2,2,15.0,0
5,16.0,seed,7.24,67.59,8,business,E-commerce,1,2,22.2,0
6,36.0,angels,199.89,42.28,5,technical,Healthtech,2,2,10.6,1
6,29.4,series_a,1.69,51.37,10,technical,E-commerce,2,2,30.9,0
1,36.0,angels,39.82,28.49,3,technical,AI,1,1,11.7,1
2,11.1,bootstrap,3.24,27.99,15,technical,SaaS,1,0,0.9,0
5,36.0,angels,48.73,48.37,15,business,Healthtech,0,3,13.9,1
8,21.8,angels,8.83,41.67,5,business,Healthtech,2,1,10.1,1
2,36.0,bootstrap,54.33,40.27,4,technical,Healthtech,0,2,2.0,1
1,36.0,bootstrap,71.15,26.47,9,business,Healthtech,0,1,4.4,0
8,36.0,bootstrap,38.49,21.28,10,business,Fintech,2,0,0.6,1
8,36.0,seed,81.78,74.19,10,business,E-commerce,2,1,22.9,1
2,36.0,series_a,141.97,100.54,1,technical,SaaS,3,4,34.7,1
4,36.0,angels,44.03,33.39,11,technical,E-commerce,1,2,10.4,0
6,9.0,bootstrap,12.21,38.66,1,technical,SaaS,0,0,1.7,0
2,36.0,angels,5.98,21.42,6,first_time,SaaS,0,2,10.2,0
3,36.0,series_a,153.61,57.88,11,technical,SaaS,2,3,33.4,1
4,36.0,seed,92.64,56.17,14,first_time,E-commerce,1,3,22.1,1
6,8.8,bootstrap,7.35,52.02,10,first_time,E-commerce,1,3,4.7,0
3,36.0,bootstrap,19.57,23.32,3,first_time,SaaS,1,0,3.5,0
4,21.7,series_a,1.66,67.76,11,technical,SaaS,3,3,33.0,1
3,36.0,series_a,74.6,80.54,1,technical,AI,2,4,34.6,0
7,20.6,bootstrap,11.97,35.56,4,first_time,AI,0,1,0.6,0
2,21.9,series_a,6.36,68.22,2,first_time,Healthtech,2,3,33.9,1
2,4.2,bootstrap,0.2,64.79,15,business,Fintech,0,1,3.6,1
2,4.8,bootstrap,9.67,31.02,6,first_time,SaaS,0,1,3.4,1
8,36.0,seed,174.25,66.7,9,business,Healthtech,2,2,23.2,1
8,36.0,angels,167.85,43.97,12,technical,Fintech,2,3,10.6,1
5,36.0,angels,233.03,56.6,15,first_time,Fintech,1,3,14.1,1
2,36.0,series_a,153.1,98.52,15,first_time,AI,2,4,33.2,1
7,36.0,series_a,140.14,104.95,3,first_time,Healthtech,3,3,33.9,1
4,3.2,bootstrap,6.56,23.57,6,technical,SaaS,0,0,4.4,0
7,12.3,seed,4.76,81.51,7,first_time,AI,3,3,22.7,0
3,36.0,seed,167.8,73.25,12,first_time,SaaS,0,3,24.8,1
8,36.0,angels,250.29,64.62,6,technical,AI,1,1,10.5,0
7,36.0,series_b,84.28,93.62,4,first_time,Healthtech,3,3,40.0,1
2,36.0,seed,45.0,62.19,12,business,Fintech,1,3,21.6,1
6,4.3,bootstrap,12.7,49.04,8,first_time,Fintech,1,1,1.1,1
3,10.4,bootstrap,6.31,49.32,12,technical,E-commerce,0,2,2.8,0
3,36.0,series_a,94.82,103.49,6,technical,Healthtech,2,4,31.4,1
3,36.0,series_b,318.1,97.98,8,technical,Healthtech,3,4,43.4,1
6,4.1,bootstrap,11.5,33.4,1,business,Healthtech,2,0,4.7,1
3,12.7,bootstrap,0.63,20.0,1,business,SaaS,1,0,3.8,0
6,36.0,seed,115.42,40.83,1,technical,AI,2,0,22.1,1
5,36.0,bootstrap,36.63,29.09,3,technical,Fintech,1,0,4.9,1
7,36.0,bootstrap,67.25,20.0,6,first_time,E-commerce,0,0,3.9,0
8,36.0,series_a,381.76,92.21,1,business,E-commerce,3,3,34.1,1
1,36.0,series_a,220.06,60.35,3,business,Healthtech,0,4,31.0,1
8,36.0,series_a,52.1,72.48,13,first_time,E-commerce,3,3,33.4,1
1,36.0,seed,29.44,58.07,13,business,E-commerce,0,0,20.4,0
5,10.5,bootstrap,8.66,53.07,5,technical,Fintech,2,1,1.2,1
3,28.9,series_a,21.42,70.88,15,first_time,Healthtech,2,4,30.1,1
6,17.0,bootstrap,15.04,41.79,2,technical,Healthtech,1,1,3.5,0
6,36.0,bootstrap,50.46,37.94,1,technical,AI,0,2,0.1,1
7,36.0,series_a,89.02,93.55,6,first_time,E-commerce,3,4,32.2,1
4,20.5,seed,16.1,77.75,4,first_time,SaaS,1,2,23.2,0
8,19.3,series_a,1.71,79.5,2,technical,Fintech,3,3,31.5,1
3,14.2,bootstrap,6.68,20.0,13,technical,SaaS,0,1,1.8,0
2,36.0,series_b,195.65,91.52,15,first_time,Fintech,3,4,44.3,0
4,36.0,seed,52.58,64.7,5,first_time,Fintech,1,2,24.5,1
5,24.7,seed,23.62,69.29,5,technical,SaaS,1,2,24.3,0
6,24.7,series_a,13.59,68.94,11,first_time,E-commerce,1,3,33.7,0
7,13.2,angels,3.01,67.11,14,business,SaaS,3,1,11.4,0
2,36.0,seed,202.6,65.2,5,technical,Fintech,2,3,20.4,1
3,36.0,seed,24.63,51.19,11,first_time,Healthtech,2,2,22.4,1
8,24.1,seed,11.57,58.13,1,first_time,Fintech,2,2,24.6,1
4,36.0,series_a,169.52,108.93,9,technical,SaaS,1,1,31.1,1
2,36.0,seed,46.1,74.97,15,technical,Fintech,1,3,21.0,1
8,36.0,bootstrap,51.74,50.73,8,business,Fintech,3,0,3.9,0
4,30.8,bootstrap,4.02,20.0,10,first_time,Fintech,0,1,3.0,0
8,36.0,series_b,313.72,84.67,11,first_time,Fintech,3,3,42.0,1
8,29.1,series_b,13.92,84.78,10,technical,E-commerce,3,3,44.3,1
8,25.7,series_b,20.34,97.77,11,technical,Healthtech,2,3,42.9,1
5,10.6,bootstrap,0.03,32.39,14,technical,Healthtech,1,0,4.6,0
7,36.0,angels,64.2,42.66,1,technical,AI,0,1,11.8,1
8,21.2,seed,18.94,59.54,14,business,AI,2,4,22.2,0
3,36.0,seed,347.32,53.09,14,business,Fintech,2,3,20.4,1
1,12.2,bootstrap,2.95,32.3,14,business,E-commerce,0,1,1.8,1
3,36.0,seed,71.7,81.7,6,technical,AI,2,3,20.9,1
6,36.0,bootstrap,65.62,20.0,9,first_time,Healthtech,1,2,0.2,1
5,12.0,angels,9.97,55.2,6,first_time,E-commerce,2,1,11.3,0
1,7.6,bootstrap,9.19,55.7,13,technical,Fintech,0,1,2.5,0
5,36.0,bootstrap,44.12,32.25,7,first_time,AI,2,1,1.2,1
2,36.0,bootstrap,70.77,27.07,5,first_time,AI,1,0,0.5,1
5,36.0,series_a,79.05,93.86,11,technical,AI,2,3,32.3,1
5,36.0,seed,45.83,50.24,1,business,E-commerce,3,1,20.7,1
6,36.0,series_b,171.93,94.66,6,first_time,Healthtech,3,2,40.4,1
4,36.0,angels,43.99,34.4,4,business,Healthtech,1,1,14.8,1
4,36.0,angels,11.88,21.95,6,business,AI,1,2,12.4,1
6,36.0,angels,113.38,47.72,7,business,E-commerce,2,1,14.0,1
6,30.0,seed,5.78,46.05,1,technical,Healthtech,1,3,20.9,1
7,24.3,angels,12.98,49.82,13,technical,E-commerce,1,1,12.3,0
3,36.0,seed,95.37,81.73,7,technical,Fintech,1,1,20.4,1
4,36.0,series_a,79.15,107.81,6,business,AI,0,3,32.1,1
3,36.0,series_a,82.82,81.4,3,business,E-commerce,1,4,34.1,1
5,9.9,bootstrap,3.87,50.29,15,first_time,AI,1,3,4.5,0
2,36.0,angels,117.98,55.98,13,business,AI,0,2,12.6,0
4,4.5,bootstrap,7.99,29.25,8,technical,AI,1,0,1.4,1
2,36.0,bootstrap,32.3,20.0,6,technical,AI,0,1,3.7,1
5,13.6,seed,1.75,89.4,8,first_time,SaaS,3,2,23.2,0
7,36.0,angels,39.89,34.26,15,technical,Fintech,1,1,12.4,1
8,36.0,seed,70.15,85.74,4,business,E-commerce,2,3,22.4,0
4,36.0,bootstrap,88.39,43.05,11,first_time,E-commerce,0,0,2.5,1
1,36.0,series_b,278.57,80.36,14,technical,AI,0,4,41.7,1
2,36.0,series_b,500.0,99.68,12,business,E-commerce,1,3,42.6,1
1,13.3,angels,17.26,81.99,14,business,AI,1,1,10.3,1
7,36.0,series_a,210.31,103.03,15,first_time,Fintech,3,3,32.9,1
8,21.7,bootstrap,11.53,27.31,1,first_time,Healthtech,0,2,2.5,1
5,27.7,seed,14.79,54.32,4,first_time,Fintech,1,0,22.1,0
2,36.0,series_a,219.03,81.5,3,first_time,AI,2,3,31.6,1
1,36.0,series_a,124.95,77.52,9,first_time,AI,1,3,33.1,1
8,36.0,series_a,252.32,98.0,7,business,Healthtech,3,2,32.4,1
3,18.1,angels,19.32,61.09,1,business,Fintech,0,2,10.5,0
1,36.0,series_a,93.92,54.62,9,technical,Fintech,1,3,31.9,1
2,36.0,seed,75.48,71.88,2,technical,Fintech,1,4,20.4,1
3,13.9,bootstrap,9.63,32.31,7,business,E-commerce,0,0,1.9,0
6,36.0,bootstrap,57.16,35.56,6,technical,E-commerce,0,1,2.7,0
8,21.7,seed,17.94,68.73,14,business,E-commerce,2,3,22.0,0
3,36.0,seed,144.21,82.98,11,business,AI,2,3,21.7,1
6,36.0,angels,192.81,64.67,10,first_time,Fintech,1,0,11.4,1
1,36.0,series_a,30.87,68.75,13,business,E-commerce,0,3,31.9,1
1,31.4,seed,33.8,64.12,3,first_time,SaaS,1,3,20.3,1
1,36.0,angels,43.06,43.27,4,first_time,AI,2,1,15.0,1
8,36.0,angels,251.91,24.77,12,technical,Fintech,3,2,12.8,1
5,15.5,seed,8.49,63.36,12,first_time,E-commerce,3,3,23.2,0
7,16.1,seed,24.56,92.67,1,business,E-commerce,2,2,20.9,1
1,36.0,angels,46.34,24.32,4,first_time,SaaS,0,1,14.6,0
1,19.0,angels,5.42,49.64,4,business,AI,1,2,12.9,1
7,36.0,seed,157.55,64.16,1,technical,AI,2,1,22.1,0
1,17.3,seed,17.83,69.32,10,business,Fintech,0,4,23.6,0
2,27.9,series_a,5.7,65.56,1,first_time,Healthtech,2,2,31.5,1
5,29.2,bootstrap,9.56,20.0,13,first_time,E-commerce,1,2,4.7,0
5,36.0,seed,184.58,44.32,9,technical,Fintech,2,1,20.8,1
2,14.5,angels,11.2,69.96,12,first_time,E-commerce,0,3,14.2,0
4,5.8,bootstrap,2.25,20.26,8,first_time,E-commerce,1,1,4.8,0
6,36.0,seed,39.93,57.51,15,technical,E-commerce,1,4,22.5,1
4,36.0,seed,171.2,96.57,5,business,Healthtech,0,4,24.4,1
4,31.0,angels,15.4,38.99,9,technical,SaaS,1,1,10.4,1
1,36.0,seed,135.14,70.14,1,technical,E-commerce,2,3,23.1,1
4,36.0,bootstrap,41.91,50.96,13,business,Healthtech,0,2,1.8,1
7,4.2,bootstrap,9.95,50.24,9,technical,E-commerce,0,0,1.8,0
6,36.0,angels,39.0,30.03,3,first_time,SaaS,0,2,12.3,1
8,22.7,angels,19.13,39.3,13,first_time,Fintech,1,4,13.0,0
2,20.3,seed,25.12,69.54,15,first_time,SaaS,2,4,23.1,1
1,36.0,series_a,105.79,108.94,2,technical,SaaS,0,4,31.4,0
5,36.0,seed,297.52,53.58,13,business,Fintech,2,3,21.9,1
2,17.4,bootstrap,13.38,27.6,12,first_time,Healthtech,0,0,1.2,0
5,36.0,angels,230.76,56.29,6,first_time,Healthtech,2,2,13.2,1
8,14.9,bootstrap,16.09,44.29,10,technical,Fintech,1,1,0.5,0
3,36.0,seed,88.12,75.2,12,technical,Fintech,1,2,22.1,1
5,6.5,bootstrap,14.04,22.3,8,first_time,SaaS,1,0,4.9,1
6,26.8,angels,10.66,42.02,10,business,Fintech,0,2,14.9,0
2,16.0,seed,3.87,68.23,1,business,Fintech,0,3,22.6,0
8,36.0,seed,219.87,83.93,14,first_time,Fintech,1,3,21.2,1
2,18.0,bootstrap,10.45,31.42,14,technical,Healthtech,1,0,2.9,0
7,36.0,bootstrap,83.76,34.67,4,technical,SaaS,1,1,2.4,1
6,36.0,seed,50.53,49.61,8,technical,Fintech,1,2,20.2,1
2,11.2,angels,0.28,77.95,4,technical,AI,1,1,14.9,0
6,10.9,bootstrap,21.91,37.31,6,technical,AI,3,1,1.6,0
2,36.0,series_a,258.83,96.17,5,business,Healthtech,3,3,32.0,1
5,36.0,angels,59.23,50.45,13,first_time,E-commerce,2,3,12.6,1
8,36.0,angels,106.58,51.28,11,first_time,Fintech,2,4,14.4,1
8,36.0,bootstrap,20.62,20.0,13,technical,E-commerce,1,0,4.0,0
7,36.0,angels,13.18,20.0,12,business,Healthtech,2,2,11.0,0
4,10.5,bootstrap,14.43,53.78,11,first_time,Fintech,0,0,3.6,0
5,27.0,bootstrap,26.98,36.17,3,technical,SaaS,1,1,4.4,0
3,36.0,angels,111.49,53.1,13,first_time,AI,0,0,13.6,1
8,23.6,angels,7.97,31.26,12,first_time,Fintech,1,2,10.7,1
4,36.0,series_a,271.78,66.45,2,first_time,Healthtech,0,2,32.7,1
7,19.6,series_b,6.17,110.93,2,technical,E-commerce,3,4,44.2,0
3,5.3,bootstrap,0.23,61.1,12,first_time,Fintech,1,2,1.0,0
6,27.3,bootstrap,8.01,25.68,6,technical,E-commerce,2,0,2.7,1
2,36.0,seed,113.62,75.07,5,first_time,Healthtech,1,1,23.3,1
6,26.2,series_b,18.29,97.85,6,first_time,Fintech,2,3,43.2,1
1,36.0,series_a,310.73,78.19,14,technical,Healthtech,1,4,30.5,1
1,5.7,bootstrap,36.41,62.78,6,first_time,E-commerce,0,0,1.4,0
3,19.7,bootstrap,5.4,28.2,6,first_time,Fintech,0,1,2.8,0
4,5.1,bootstrap,6.95,53.61,6,first_time,AI,1,1,1.0,0
6,21.8,series_a,20.7,85.72,1,business,Fintech,3,4,31.7,1
3,36.0,angels,44.37,49.75,1,first_time,Healthtech,2,3,12.1,1
1,36.0,angels,77.82,70.58,7,first_time,AI,1,2,10.1,0
3,14.8,angels,13.38,54.35,1,business,Fintech,1,3,12.6,1
4,8.8,bootstrap,7.44,33.55,12,technical,Fintech,0,0,5.0,0
5,27.3,seed,47.86,85.69,7,first_time,AI,2,3,22.0,1
6,2.0,bootstrap,0.88,53.74,8,first_time,SaaS,1,0,1.4,0
2,36.0,seed,274.55,83.03,6,first_time,E-commerce,1,3,21.3,1
5,36.0,seed,10.0,20.0,12,first_time,AI,2,3,22.6,1
6,36.0,seed,52.5,71.6,7,first_time,E-commerce,1,4,22.3,1
7,15.1,bootstrap,22.33,38.18,1,business,E-commerce,3,1,4.3,0
5,36.0,series_a,54.89,79.48,8,first_time,E-commerce,2,4,33.2,0
7,36.0,seed,170.27,74.15,3,technical,Healthtech,2,3,22.0,0
2,4.5,bootstrap,11.9,38.91,9,first_time,SaaS,1,1,1.9,0
6,6.7,bootstrap,12.04,45.17,9,technical,Fintech,0,1,2.7,0
1,36.0,seed,79.03,60.98,8,technical,E-commerce,0,2,21.3,0
1,8.6,bootstrap,17.72,57.47,6,business,SaaS,0,1,2.1,0
7,5.3,bootstrap,27.6,46.68,9,first_time,SaaS,1,0,1.4,0
4,6.7,bootstrap,5.84,43.14,11,technical,Fintech,0,1,2.6,1
5,13.1,bootstrap,18.06,42.41,14,technical,Fintech,1,1,2.7,0
5,21.7,angels,29.33,67.36,15,business,Fintech,1,1,14.2,1
6,32.8,seed,44.46,80.33,2,first_time,Healthtech,3,3,21.3,1
2,20.5,bootstrap,10.14,33.31,10,technical,SaaS,0,2,4.5,0
2,36.0,seed,53.66,79.85,2,business,Fintech,0,4,22.7,0
1,8.4,bootstrap,12.93,37.61,7,first_time,AI,0,0,3.6,1
7,36.0,bootstrap,123.99,63.75,12,technical,SaaS,1,0,3.1,0
2,36.0,bootstrap,61.86,51.47,9,first_time,Fintech,0,2,4.1,1
5,28.3,seed,21.15,55.62,13,business,Fintech,3,2,23.3,1
4,14.0,series_b,8.08,129.96,14,first_time,AI,2,2,40.1,1
2,36.0,angels,5.12,20.0,15,business,E-commerce,0,3,12.0,0
4,10.5,bootstrap,9.57,44.56,11,technical,AI,1,1,4.7,0
1,36.0,bootstrap,20.53,24.56,11,first_time,AI,0,0,2.3,0
2,4.5,bootstrap,20.4,63.23,13,first_time,Healthtech,0,0,4.1,0
2,36.0,series_a,64.04,83.79,4,technical,Fintech,1,2,34.3,0
7,36.0,bootstrap,68.72,23.09,5,first_time,E-commerce,2,3,1.7,1
5,36.0,series_b,277.39,91.0,6,first_time,SaaS,3,2,44.3,1
8,36.0,angels,137.16,39.29,12,business,Healthtech,1,3,11.9,1
4,16.2,angels,9.3,45.41,6,first_time,E-commerce,2,2,10.1,1
2,24.4,series_a,19.14,75.07,3,technical,E-commerce,1,3,33.5,1
5,36.0,bootstrap,37.47,23.73,12,first_time,E-commerce,0,1,4.1,1
8,18.9,seed,11.26,69.05,12,business,SaaS,2,3,22.3,1
5,36.0,bootstrap,35.17,40.87,9,technical,E-commerce,1,0,0.9,1
1,22.7,series_a,9.8,65.06,14,technical,Fintech,0,4,33.1,0
3,36.0,angels,44.44,25.13,12,first_time,E-commerce,1,0,13.7,0
8,5.6,bootstrap,1.91,39.66,14,first_time,E-commerce,1,0,3.3,0
5,33.7,series_a,38.03,87.98,4,first_time,Fintech,1,4,31.8,0
8,3.6,bootstrap,9.69,45.95,2,technical,AI,2,1,1.8,0
5,36.0,bootstrap,42.86,43.27,6,first_time,Healthtech,0,1,2.7,0
1,16.5,seed,10.07,88.59,13,first_time,AI,0,2,21.0,0
7,36.0,angels,70.15,64.96,14,business,AI,2,2,14.2,0
7,16.9,series_a,37.79,120.2,2,first_time,E-commerce,2,3,30.5,1
6,30.5,seed,74.33,111.51,13,first_time,SaaS,3,3,22.4,1
8,36.0,seed,202.08,38.63,8,business,Healthtech,3,2,24.3,1
2,36.0,bootstrap,40.79,20.0,13,technical,E-commerce,0,0,2.6,0
8,36.0,bootstrap,46.42,34.89,11,first_time,E-commerce,0,1,3.8,0
2,36.0,series_b,499.04,102.56,1,technical,E-commerce,3,3,41.2,1
8,5.7,bootstrap,2.94,33.86,8,business,AI,2,0,2.2,0
2,36.0,angels,170.92,60.55,2,business,Fintech,1,3,13.6,1
5,36.0,bootstrap,76.76,30.95,6,technical,Healthtech,1,0,4.4,1
7,36.0,bootstrap,23.19,24.59,12,business,AI,1,1,3.2,1
1,36.0,angels,111.01,41.86,11,first_time,Fintech,0,3,11.2,1
1,19.4,seed,1.56,62.0,11,first_time,SaaS,1,2,20.7,0
7,36.0,seed,65.96,77.65,10,first_time,Fintech,2,2,24.2,0
1,36.0,series_a,71.49,72.7,1,business,AI,3,3,32.8,1
5,36.0,bootstrap,113.32,30.67,9,first_time,E-commerce,0,0,0.9,1
8,16.3,angels,17.27,58.55,8,first_time,SaaS,2,2,12.4,0
5,17.0,bootstrap,21.06,32.02,8,first_time,SaaS,2,1,0.6,0
4,18.4,seed,17.24,81.75,4,first_time,Healthtech,1,4,20.5,1
4,36.0,bootstrap,21.73,21.21,11,technical,Healthtech,2,0,4.6,0
6,36.0,angels,94.62,32.95,10,first_time,SaaS,1,3,12.7,1
5,36.0,bootstrap,34.25,39.57,7,business,E-commerce,0,0,1.2,0
5,18.7,series_a,0.34,86.06,1,first_time,Fintech,3,2,34.4,1
2,26.1,series_a,6.43,67.03,2,first_time,E-commerce,1,4,35.0,1
6,36.0,series_a,128.06,100.15,6,first_time,E-commerce,1,4,34.4,1
6,10.8,bootstrap,27.05,63.87,9,first_time,AI,2,1,3.7,0
6,36.0,series_b,103.33,85.58,15,first_time,Healthtech,3,3,44.8,1
1,1.1,bootstrap,7.73,57.31,11,technical,AI,0,1,1.0,0
6,24.8,bootstrap,0.38,20.0,8,business,SaaS,1,0,4.4,0
6,36.0,bootstrap,43.19,51.14,5,technical,E-commerce,1,1,1.8,0
2,36.0,bootstrap,26.47,22.13,3,technical,AI,0,1,0.2,1
7,36.0,angels,85.24,64.64,3,technical,SaaS,3,1,10.2,0
5,36.0,bootstrap,37.71,20.58,2,first_time,Healthtech,1,1,0.9,1
4,36.0,angels,41.8,48.97,14,first_time,SaaS,1,1,13.9,1
6,36.0,seed,45.11,52.85,1,business,AI,1,3,24.5,0
5,25.2,series_a,10.84,76.79,13,business,AI,2,4,30.6,1
5,27.5,seed,55.38,92.45,9,technical,SaaS,3,3,24.2,0
3,36.0,angels,36.89,48.38,10,first_time,AI,0,2,13.8,1
8,1.1,bootstrap,7.64,66.65,15,first_time,AI,2,3,0.3,0
8,36.0,series_a,242.77,74.21,12,technical,E-commerce,3,4,33.7,1
2,15.9,bootstrap,30.52,57.38,3,business,SaaS,0,0,0.2,1
6,26.8,bootstrap,3.93,20.0,15,business,SaaS,2,2,1.3,0
1,36.0,bootstrap,74.26,30.7,3,first_time,AI,0,0,2.7,1
3,36.0,seed,75.84,56.96,9,technical,Healthtech,0,3,24.5,1
8,12.5,angels,18.69,73.07,10,technical,SaaS,2,2,10.5,0
2,36.0,seed,256.95,67.78,4,first_time,Fintech,3,3,21.7,1
4,36.0,bootstrap,17.49,20.0,10,first_time,Healthtech,0,1,2.9,0
2,36.0,angels,105.91,30.35,10,technical,Fintech,0,3,13.7,1
6,36.0,angels,57.69,34.81,15,technical,SaaS,2,2,14.6,1
4,7.2,bootstrap,7.41,49.01,14,first_time,SaaS,0,1,2.3,0
5,36.0,angels,72.75,62.08,6,technical,Fintech,2,1,14.2,0
8,36.0,seed,28.7,60.49,11,technical,E-commerce,2,3,23.1,1
5,36.0,angels,22.9,41.77,13,first_time,Healthtech,2,3,11.0,1
6,3.0,bootstrap,14.45,45.75,1,first_time,Fintech,1,2,2.9,1
1,36.0,seed,42.01,48.06,11,first_time,AI,1,2,21.6,1
2,14.1,bootstrap,25.75,41.87,14,technical,Fintech,0,0,3.5,1
8,36.0,bootstrap,42.04,40.59,2,technical,SaaS,3,1,1.4,1
7,15.5,bootstrap,15.85,30.88,12,first_time,SaaS,0,0,1.3,0
6,31.3,angels,40.99,55.97,1,first_time,SaaS,1,2,14.7,1
4,2.4,bootstrap,3.19,36.53,7,business,AI,3,1,4.5,1
2,36.0,seed,65.63,72.46,13,technical,Healthtech,3,3,22.3,1
7,6.9,bootstrap,6.06,20.0,15,technical,Fintech,1,1,3.8,1
7,31.0,seed,34.81,74.22,11,first_time,Fintech,2,2,24.9,1
2,4.9,bootstrap,11.96,50.4,11,business,SaaS,0,2,0.4,0
5,36.0,seed,67.98,69.81,4,first_time,E-commerce,1,3,23.0,0
5,36.0,seed,119.26,74.02,13,first_time,AI,3,3,21.3,1
4,36.0,angels,36.39,48.35,10,business,E-commerce,1,2,14.0,0
8,4.5,bootstrap,1.96,48.37,15,business,Healthtech,1,0,0.5,0
1,36.0,angels,156.33,50.98,10,business,SaaS,1,1,13.9,0
3,36.0,series_b,36.06,77.78,1,first_time,AI,1,4,41.0,1
1,36.0,series_b,88.97,107.3,8,business,Healthtech,0,4,42.3,1
6,36.0,bootstrap,84.8,20.0,12,business,Healthtech,2,1,4.1,1
6,36.0,seed,234.52,69.24,12,first_time,SaaS,2,1,20.3,1
8,36.0,bootstrap,23.79,29.24,6,first_time,E-commerce,0,2,4.6,0
5,36.0,bootstrap,34.16,28.28,3,business,E-commerce,1,1,1.1,0
2,36.0,seed,163.3,67.58,14,first_time,E-commerce,1,4,22.5,1
4,36.0,angels,20.65,39.36,13,first_time,Fintech,1,2,13.7,0
1,36.0,angels,70.8,57.68,14,first_time,Healthtech,0,1,10.6,1
6,36.0,series_a,39.84,80.85,11,business,AI,1,3,33.0,0
6,36.0,bootstrap,37.88,25.74,13,first_time,SaaS,1,1,2.6,0
7,25.0,seed,44.18,85.07,7,first_time,AI,2,2,22.9,0
3,16.2,angels,18.71,53.07,12,first_time,Fintech,1,1,13.3,0
3,36.0,bootstrap,49.03,44.46,8,technical,Healthtech,1,2,2.1,1
1,13.2,angels,10.34,71.25,12,technical,SaaS,0,2,11.5,0
4,36.0,series_b,158.01,116.0,3,business,E-commerce,2,4,40.9,1
4,14.7,angels,0.78,58.7,5,first_time,AI,1,3,14.7,1
7,19.7,bootstrap,17.33,30.46,4,business,E-commerce,0,0,2.0,0
7,36.0,seed,175.22,43.55,7,technical,Healthtech,2,4,21.4,1
2,36.0,series_b,240.72,98.1,13,technical,SaaS,1,3,40.3,1
3,36.0,series_a,86.8,96.42,2,technical,AI,2,3,33.8,1
5,15.1,angels,25.1,55.31,11,first_time,AI,1,0,12.6,0
3,36.0,angels,14.82,20.0,13,business,SaaS,0,1,11.0,0
1,9.1,angels,9.4,63.05,11,first_time,SaaS,1,1,14.5,0
7,16.2,series_a,7.22,93.97,10,technical,SaaS,1,4,34.7,1
6,36.0,series_a,42.22,75.48,3,first_time,Fintech,3,3,34.4,1
5,21.0,series_a,19.36,94.83,10,business,Healthtech,1,4,32.8,0
